time,GrIS_total,GrIS_total_er,GrIS_1,GrIS_1_er,GrIS_2,GrIS_2_er,GrIS_3,GrIS_3_er,GrIS_4,GrIS_4_er,GrIS_5,GrIS_5_er,GrIS_6,GrIS_6_er,GrIS_7,GrIS_7_er,GrIS_8,GrIS_8_er,AntIS_1,AntIS_1_er,AntIS_2,AntIS_2_er,AntIS_3,AntIS_3_er,AntIS_4,AntIS_4_er,AntIS_5,AntIS_5_er,AntIS_6,AntIS_6_er,AntIS_7,AntIS_7_er,AntIS_8,AntIS_8_er,AntIS_9,AntIS_9_er,AntIS_10,AntIS_10_er,AntIS_11,AntIS_11_er,AntIS_12,AntIS_12_er,AntIS_13,AntIS_13_er,AntIS_14,AntIS_14_er,AntIS_15,AntIS_15_er,AntIS_16,AntIS_16_er,AntIS_17,AntIS_17_er,AntIS_18,AntIS_18_er,AntIS_19,AntIS_19_er,AntIS_20,AntIS_20_er,AntIS_21,AntIS_21_er,AntIS_22,AntIS_22_er,AntIS_23,AntIS_23_er,AntIS_24,AntIS_24_er,AntIS_27,AntIS_27_er,AntIS_25_26,AntIS_25_26_er,AntPeninsula_total,AntPeninsula_total_er,East_AntIS_total,East_AntIS_total_er,West_AntIS_total,West_AntIS_total_er,AntIS_total,AntIS_total_er
2002-04-16 20:23:54.375,1058.4291,257.635,54.3891,140.139,97.3502,86.4927,220.036,45.6989,140.13,42.4436,76.1178,26.8176,178.067,72.93,101.316,57.854,189.766,59.3156,-108.28,14.294,-38.633,8.6197,-115.69,13.29,-77.703,7.782,-52.323,9.6096,-80.039,11.781,-122.18,17.341,-66.638,10.26,-3.5195,5.8331,-16.213,9.0635,-2.825,6.2099,-79.049,14.201,36.456,16.075,95.463,13.827,36.223,9.0481,-18.28,5.3318,-65.463,16.949,-154.2,6.5086,-55.581,5.58,222.89,7.3862,433.2,9.3168,345.77,8.2516,36.348,5.5354,40.661,8.2532,-23.054,8.1045,199.04,11.738,216.64,17.967,-570.41,66.01,720.14,26.516,366.37,82.574
2002-05-12 09:36:05.625,1133.7394,113.712,44.616,94.6468,126.462,93.9543,218.305,25.6226,153.124,30.7822,68.8972,32.9634,171.053,41.7472,111.145,41.7336,232.42,63.2584,-95.303406,14.294,-57.227222,8.6197,-107.06103,13.29,-63.73771,7.782,-14.861147,9.6096,-77.65619,11.781,-132.35472,17.341,-66.768074,10.26,-7.9868903,5.8331,-20.625156,9.0635,6.8521895,6.2099,-90.2877,14.201,66.3957,16.075,50.181103,13.827,42.291885,9.0481,-22.707754,5.3318,-52.977894,16.949,-158.64313,6.5086,-53.80277,5.58,248.82526,7.3862,429.89578,9.3168,350.64014,8.2516,48.6871,5.5354,48.8282,8.2532,-11.522315,8.1045,232.85262,11.738,270.16437,17.967,-548.5349,66.01,770.303,26.516,491.92264,82.574
2002-08-15 07:12:11.250,844.46686,63.0312,60.9043,79.6318,48.8158,33.1824,140.439,20.4105,132.23,25.859,56.4137,18.7512,90.9529,28.7056,102.014,19.5582,208.361,45.9176,-99.84856,14.294,-35.138866,8.6197,-99.314384,13.29,-82.23457,7.782,-6.2368116,9.6096,-79.902084,11.781,-95.68017,17.341,-81.59196,10.26,0.5884142,5.8331,-35.245304,9.0635,4.984846,6.2099,-72.17598,14.201,61.440178,16.075,97.194534,13.827,10.92987,9.0481,-22.278948,5.3318,-37.684464,16.949,-162.44612,6.5086,-43.07874,5.58,248.05884,7.3862,424.99652,9.3168,333.4879,8.2516,48.48434,5.5354,34.90268,8.2532,-7.3787107,8.1045,188.78844,11.738,216.31139,17.967,-472.34906,66.01,749.6582,26.516,493.62042,82.574
2002-09-17 03:36:05.625,722.97003,488.515,9.32141,386.655,76.4138,360.171,119.836,94.1229,113.622,110.085,43.7885,71.7742,103.947,136.881,83.5238,145.174,173.002,238.423,-114.03905,14.294,-20.820143,8.6197,-90.16885,13.29,-80.94967,7.782,0.8217619,9.6096,-72.04876,11.781,-156.72095,17.341,-38.873573,10.26,-3.3317144,5.8331,-14.951904,9.0635,4.6058097,6.2099,-77.41995,14.201,72.65253,16.075,98.77505,13.827,20.15419,9.0481,-10.114524,5.3318,-30.551191,16.949,-158.95714,6.5086,-35.78138,5.58,265.5819,7.3862,432.25,9.3168,361.62524,8.2516,39.760715,5.5354,43.19657,8.2532,-26.067572,8.1045,188.46571,11.738,205.59666,17.967,-398.94714,66.01,790.44763,26.516,597.09717,82.574
2002-10-16 08:23:54.375,878.4101,68.4938,35.3978,52.348,67.9042,36.9723,225.459,56.8743,95.3531,30.3496,56.9729,13.5342,125.695,32.1552,73.4275,40.506,192.489,35.619,-110.22,14.294,-26.963,8.6197,-93.466,13.29,-70.683,7.782,-13.083,9.6096,-68.924,11.781,-136.74,17.341,-60.765,10.26,-16.652,5.8331,-22.31,9.0635,13.32,6.2099,-93.359,14.201,87.643,16.075,78.056,13.827,32.398,9.0481,-11.485,5.3318,-18.675,16.949,-143.1,6.5086,-37.389,5.58,274.42,7.3862,420.45,9.3168,353.93,8.2516,43.315,5.5354,55.728,8.2532,-21.179,8.1045,174.38,11.738,208.93,17.967,-421.69,66.01,801.4,26.516,588.64,82.574
2002-11-18 04:47:48.750,872.65216,120.071,48.4041,73.0482,53.3776,36.0917,170.47,21.6617,103.899,21.0794,25.6838,31.2534,159.574,50.493,103.106,18.4785,206.372,39.4512,-128.15834,14.294,-27.1435,8.6197,-129.50833,13.29,-69.02975,7.782,-37.98517,9.6096,-75.29375,11.781,-154.85417,17.341,-56.497,10.26,-10.629933,5.8331,-13.822416,9.0635,-1.5551167,6.2099,-84.42975,14.201,69.27617,16.075,60.743916,13.827,8.149058,9.0481,-13.799833,5.3318,-28.501717,16.949,-140.3025,6.5086,-35.44625,5.58,271.98834,7.3862,401.1875,9.3168,349.665,8.2516,45.9935,5.5354,45.776165,8.2532,-9.643283,8.1045,185.98,11.738,222.10916,17.967,-564.87335,66.01,764.9225,26.516,422.14917,82.574
2002-12-17 09:36:05.625,931.38025,91.9982,66.5562,71.2758,60.3963,33.5973,156.457,25.7801,173.036,26.7077,52.3079,31.7136,130.641,27.371,80.5395,51.9124,204.453,40.0336,-127.742,14.294,-27.653435,8.6197,-102.56329,13.29,-89.04013,7.782,-17.576246,9.6096,-73.43181,11.781,-131.94757,17.341,-68.205315,10.26,-19.224247,5.8331,-29.52393,9.0635,13.335212,6.2099,-78.84056,14.201,45.722553,16.075,71.77945,13.827,26.275448,9.0481,-10.504577,5.3318,2.082435,16.949,-130.98883,6.5086,-28.737812,5.58,266.86353,7.3862,412.2708,9.3168,325.61258,8.2516,35.41321,5.5354,45.109436,8.2532,-6.705299,8.1045,195.22,11.738,233.62141,17.967,-489.31836,66.01,752.6894,26.516,496.99246,82.574
2003-01-15 14:23:54.375,1177.9656,257.167,60.2876,60.3936,130.689,134.562,233.985,68.7105,188.629,53.8574,108.016,23.0078,118.789,50.5296,143.002,31.1398,177.202,38.0778,-146.462,14.294,-36.118378,8.6197,-103.18447,13.29,-83.87025,7.782,-20.942835,9.6096,-110.09346,11.781,-47.88262,17.341,-102.05379,10.26,-35.230835,5.8331,-60.32205,9.0635,18.14086,6.2099,-108.21562,14.201,74.64397,16.075,68.938034,13.827,33.754036,9.0481,-17.133282,5.3318,-0.2366333,16.949,-140.02412,6.5086,-21.95946,5.58,259.75766,7.3862,371.2261,9.3168,339.81494,8.2516,59.65886,5.5354,4.9877424,8.2532,23.852066,8.1045,195.22,11.738,224.05905,17.967,-529.80774,66.01,722.0071,26.516,416.25836,82.574
2003-02-13 19:12:11.250,968.6445,63.842,29.7796,64.5154,90.8063,54.6597,159.062,20.5395,193.798,26.4521,88.8302,12.6714,154.52,31.735,80.9397,44.7302,167.594,34.8112,-131.48407,14.294,-32.502224,8.6197,-123.97111,13.29,-67.26759,7.782,-27.06285,9.6096,-80.05074,11.781,-165.83263,17.341,-52.955925,10.26,-1.6570889,5.8331,-38.327557,9.0635,3.0315483,6.2099,-119.995186,14.201,78.26744,16.075,52.746037,13.827,37.856407,9.0481,-5.0973926,5.3318,-21.617874,16.949,-140.37518,6.5086,-25.675556,5.58,246.72444,7.3862,365.8185,9.3168,343.2611,8.2516,33.76522,5.5354,40.737434,8.2532,-15.88237,8.1045,183.18297,11.738,208.03703,17.967,-564.437,66.01,692.0237,26.516,335.63333,82.574
2003-03-18 15:36:05.625,1038.1594,46.956,59.337,58.8465,35.5539,47.1803,222.663,22.9302,162.011,17.64,83.2394,11.2543,196.721,48.3404,84.2621,35.9688,190.527,39.8603,-114.97253,14.294,-35.10876,8.6197,-89.95936,13.29,-53.960495,7.782,-41.08248,9.6096,-101.408,11.781,-137.34663,17.341,-56.745518,10.26,-8.111046,5.8331,-22.177952,9.0635,4.3485227,6.2099,-84.17605,14.201,64.46865,16.075,61.16217,13.827,28.93505,9.0481,-5.8475785,5.3318,-23.701385,16.949,-137.64362,6.5086,-25.077856,5.58,243.28482,7.3862,361.09952,9.3168,339.43976,8.2516,33.79611,5.5354,42.31059,8.2532,-17.605482,8.1045,168.43,11.738,193.14061,17.967,-500.71036,66.01,699.9212,26.516,392.35144,82.574
2003-04-16 20:23:54.375,1081.6508,43.6939,43.6783,51.2563,60.908,23.4906,256.593,13.8414,233.668,26.603,92.0962,10.4046,125.164,22.1938,89.7243,15.8646,175.93,27.4293,-115.577286,14.294,-31.684013,8.6197,-83.950325,13.29,-59.173244,7.782,-24.86676,9.6096,-93.79419,11.781,-130.95229,17.341,-59.312344,10.26,-8.248921,5.8331,-29.280272,9.0635,9.413574,6.2099,-92.106255,14.201,76.5525,16.075,74.426216,13.827,31.556314,9.0481,-13.823528,5.3318,10.7466,16.949,-132.56729,6.5086,-17.93533,5.58,259.008,7.3862,387.33344,9.3168,350.53842,8.2516,39.32957,5.5354,59.6751,8.2532,-31.302671,8.1045,163.13115,11.738,191.50258,17.967,-424.49057,66.01,770.125,26.516,537.13745,82.574
2003-05-12 09:36:05.625,1076.8234,79.3596,53.1053,79.029,52.2164,32.3416,290.215,25.2547,212.174,18.0554,62.565,33.009,150.702,26.5746,76.1198,36.6296,176.053,33.791,-119.65442,14.294,-19.760178,8.6197,-88.923996,13.29,-63.949963,7.782,-5.63494,9.6096,-90.16225,11.781,-137.86276,17.341,-54.13585,10.26,-14.764225,5.8331,-23.88589,9.0635,13.248547,6.2099,-86.74478,14.201,50.393513,16.075,70.24302,13.827,55.905624,9.0481,-12.757834,5.3318,10.163091,16.949,-121.33038,6.5086,-20.23674,5.58,253.38945,7.3862,399.70908,9.3168,346.16156,8.2516,40.014576,5.5354,52.835487,8.2532,-25.955988,8.1045,148.05055,11.738,174.92917,17.967,-398.63437,66.01,778.05914,26.516,554.3638,82.574
2003-07-17 02:23:54.375,902.749,40.3676,0.317605,46.1086,54.8922,26.194,223.234,32.0727,162.968,14.4826,90.243,7.44601,171.455,41.3035,51.2524,39.524,149.497,23.7487,-113.540825,14.294,-36.85466,8.6197,-88.33563,13.29,-63.214977,7.782,-21.775942,9.6096,-66.9584,11.781,-119.79849,17.341,-44.855824,10.26,-8.830457,5.8331,-18.842283,9.0635,10.487565,6.2099,-43.30421,14.201,47.57181,16.075,36.659435,13.827,34.659904,9.0481,-1.9371518,5.3318,-0.9594412,16.949,-121.08047,6.5086,-27.60426,5.58,253.93918,7.3862,373.78235,9.3168,340.60706,8.2516,45.227013,5.5354,30.163141,8.2532,-0.97465366,8.1045,153.13847,11.738,182.33318,17.967,-386.288,66.01,751.33765,26.516,547.3828,82.574
2003-08-15 07:12:11.250,694.8438,80.5372,-2.63191,49.5939,18.2418,25.1076,180.458,19.2083,156.127,13.12,55.5604,10.9872,86.1433,19.2542,49.5643,19.3313,154.371,33.7512,-119.57376,14.294,-27.201012,8.6197,-98.041046,13.29,-52.894035,7.782,-25.333588,9.6096,-82.8144,11.781,-78.938255,17.341,-51.368763,10.26,-20.144714,5.8331,-19.093576,9.0635,19.790154,6.2099,-71.95268,14.201,83.00428,16.075,46.076847,13.827,35.37614,9.0481,-6.1952224,5.3318,16.722912,16.949,-133.89929,6.5086,-19.134611,5.58,253.50624,7.3862,359.47647,9.3168,352.08942,8.2516,36.38748,5.5354,42.96879,8.2532,-12.787999,8.1045,165.4773,11.738,195.66023,17.967,-333.008,66.01,728.8435,26.516,591.4958,82.574
2003-09-17 03:36:05.625,683.14966,50.1224,-1.72422,54.1319,41.9848,22.7353,175.773,21.6159,163.01,14.69,58.2503,9.27041,46.3285,18.248,52.5604,17.8766,150.683,23.2959,-129.2557,14.294,-25.696095,8.6197,-108.459045,13.29,-69.11948,7.782,-21.991524,9.6096,-77.568954,11.781,-103.807045,17.341,-58.936333,10.26,-16.389761,5.8331,-27.841333,9.0635,11.960347,6.2099,-57.691284,14.201,43.128048,16.075,62.73981,13.827,35.45138,9.0481,-8.676209,5.3318,-12.418619,16.949,-136.38715,6.5086,-26.95662,5.58,250.80858,7.3862,371.38046,9.3168,344.23666,8.2516,41.44057,5.5354,39.755047,8.2532,-8.430333,8.1045,172.68904,11.738,204.02142,17.967,-435.3095,66.01,715.2619,26.516,483.9643,82.574
2003-10-16 08:23:54.375,795.19434,77.4176,24.2289,47.3265,14.3374,26.2195,170.311,12.9246,176.164,15.6969,111.225,17.1513,61.0077,18.732,78.756,12.9234,156.265,20.6147,-111.77,14.294,-24.898,8.6197,-102.64,13.29,-54.109,7.782,-38.482,9.6096,-86.448,11.781,-91.948,17.341,-61.363,10.26,-11.965,5.8331,-26.228,9.0635,5.6073,6.2099,-44.597,14.201,50.829,16.075,31.296,13.827,35.699,9.0481,3.7756,5.3318,3.969,16.949,-125.53,6.5086,-27.689,5.58,253.58,7.3862,369.99,9.3168,343.77,8.2516,49.152,5.5354,35.216,8.2532,3.365,8.1045,186.67,11.738,225.25,17.967,-411.5,66.01,751.5,26.516,565.25,82.574
2003-11-18 04:47:48.750,781.7453,77.5751,-11.7068,50.4576,69.617,48.4539,161.291,16.8732,164.176,16.3307,61.4692,7.81221,110.064,28.8787,57.0582,35.3238,169.541,20.5623,-110.3375,14.294,-26.890333,8.6197,-95.954,13.29,-54.690582,7.782,-40.9105,9.6096,-52.0175,11.781,-123.43,17.341,-51.231,10.26,-15.506667,5.8331,-23.606583,9.0635,-2.23735,6.2099,-67.006584,14.201,53.46908,16.075,26.83925,13.827,29.314917,9.0481,7.391967,5.3318,1.1794083,16.949,-125.074165,6.5086,-27.000917,5.58,249.7425,7.3862,358.84332,9.3168,327.375,8.2516,44.063583,5.5354,33.683083,8.2532,-8.834517,8.1045,167.1225,11.738,191.97166,17.967,-435.2925,66.01,717.6125,26.516,474.29166,82.574
2003-12-17 09:36:05.625,726.96173,54.1994,6.15848,46.323,15.3931,28.831,160.713,25.3415,169.035,17.6731,85.8994,9.01697,57.625,34.8278,58.9773,24.8851,175.47,32.3276,-125.77213,14.294,-31.609344,8.6197,-119.56098,13.29,-69.005264,7.782,-30.498606,9.6096,-78.35866,11.781,-115.4441,17.341,-48.882328,10.26,-12.537377,5.8331,-42.639427,9.0635,6.4919868,6.2099,-81.96983,14.201,31.982704,16.075,26.852,13.827,30.762804,9.0481,1.9282476,5.3318,-32.871395,16.949,-126.0659,6.5086,-35.65369,5.58,238.86131,7.3862,348.2382,9.3168,306.4669,8.2516,33.011116,5.5354,27.972525,8.2532,-12.735371,8.1045,173.5,11.738,188.7418,17.967,-565.3562,66.01,639.08276,26.516,262.46835,82.574
2004-01-08 07:40:46.875,754.67926,70.0062,-5.15331,116.587,22.0801,45.7047,187.697,73.7615,144.499,26.2954,65.1696,17.5138,121.57,42.9022,58.5388,62.4542,165.078,48.8668,-129.45694,14.294,-37.069855,8.6197,-119.74847,13.29,-78.78841,7.782,-33.665558,9.6096,-91.12416,11.781,-113.95432,17.341,-49.935764,10.26,-21.309687,5.8331,-39.319324,9.0635,1.5125631,6.2099,-58.935062,14.201,25.174856,16.075,20.811604,13.827,13.044892,9.0481,3.1803973,5.3318,-36.70116,16.949,-133.63928,6.5086,-38.60947,5.58,231.86667,7.3862,344.49847,9.3168,315.83316,8.2516,34.806793,5.5354,24.878345,8.2532,-0.11737604,8.1045,178.53568,11.738,203.29451,17.967,-616.8289,66.01,625.2965,26.516,211.762,82.574
2004-02-17 13:55:18.750,749.7066,42.4671,-8.94324,49.7376,43.0552,25.1664,157.642,14.3128,168.998,16.9087,60.2916,9.34053,108.51,22.132,76.6234,16.7788,147.057,20.5823,-148.70538,14.294,-37.116386,8.6197,-128.69026,13.29,-81.7545,7.782,-32.606422,9.6096,-100.94604,11.781,-102.43064,17.341,-55.10859,10.26,-8.184464,5.8331,-24.402052,9.0635,-0.11004769,6.2099,-70.21024,14.201,18.145462,16.075,17.669115,13.827,24.399025,9.0481,-4.1914396,5.3318,-35.937447,16.949,-129.08743,6.5086,-40.728897,5.58,218.10333,7.3862,342.6886,9.3168,313.3228,8.2516,32.536537,5.5354,9.7591715,8.2532,-15.737161,8.1045,137.28166,11.738,131.30154,17.967,-621.4631,66.01,588.1314,26.516,97.96592,82.574
2004-03-17 20:38:26.250,776.03394,38.2124,19.728,39.8068,30.7301,21.4768,190.751,17.3846,184.226,18.0216,56.8289,9.12281,94.103,17.6121,56.984,29.9122,141.401,20.4679,-132.85567,14.294,-33.106686,8.6197,-110.886024,13.29,-85.741196,7.782,-15.956698,9.6096,-75.67979,11.781,-120.87277,17.341,-34.82364,10.26,-22.675758,5.8331,-24.520302,9.0635,-0.20664579,6.2099,-69.23151,14.201,30.486347,16.075,53.670616,13.827,26.975615,9.0481,2.5073843,5.3318,-2.1106386,16.949,-117.645424,6.5086,-25.875698,5.58,221.13675,7.3862,336.03854,9.3168,316.02252,8.2516,38.75807,5.5354,27.431265,8.2532,-4.2998915,8.1045,166.66626,11.738,189.80013,17.967,-482.16794,66.01,635.56915,26.516,343.20132,82.574
2004-04-16 03:21:33.750,846.50995,51.5886,8.07863,50.3346,28.6477,24.6195,225.269,28.7916,141.425,22.5971,66.8415,8.90161,171.209,36.4136,50.3432,40.428,155.338,26.9423,-130.34,14.294,-38.325,8.6197,-128.38,13.29,-78.093,7.782,-18.722,9.6096,-67.114,11.781,-139.08,17.341,-36.814,10.26,-19.256,5.8331,-31.675,9.0635,-9.974,6.2099,-63.165,14.201,5.4556,16.075,36.087,13.827,46.352,9.0481,-2.3437,5.3318,-14.933,16.949,-125.79,6.5086,-30.401,5.58,213.05,7.3862,346.4,9.3168,300.09,8.2516,31.08,5.5354,24.425,8.2532,-25.457,8.1045,125.5,11.738,124.47,17.967,-559.98,66.01,604.08,26.516,168.57,82.574
2004-05-19 01:55:18.750,809.13446,47.6602,-14.5146,71.6484,35.9585,37.9803,207.845,49.3967,159.901,18.7754,93.4666,11.7764,123.234,28.5254,61.6694,51.3726,143.548,33.003,-101.761566,14.294,-22.20012,8.6197,-107.58494,13.29,-57.35289,7.782,-40.546906,9.6096,-67.621155,11.781,-86.571434,17.341,-47.104107,10.26,-25.409262,5.8331,-14.300843,9.0635,9.56079,6.2099,-63.181038,14.201,33.926014,16.075,35.075386,13.827,47.616325,9.0481,4.2733107,5.3318,-6.1987104,16.949,-121.48409,6.5086,-23.277023,5.58,205.55591,7.3862,326.87146,9.3168,314.40396,8.2516,42.55241,5.5354,37.72324,8.2532,-26.104277,8.1045,140.43698,11.738,152.05603,17.967,-407.62396,66.01,642.8547,26.516,387.28674,82.574
2004-06-17 08:38:26.250,834.79456,63.2628,2.35306,89.1574,35.8176,48.4609,174.654,22.3492,173.069,19.5852,82.6475,11.3258,156.227,56.0444,67.7119,27.5378,141.837,40.1558,-100.27968,14.294,-23.753143,8.6197,-103.174286,13.29,-76.70161,7.782,-37.314358,9.6096,-84.67875,11.781,-67.53104,17.341,-57.562107,10.26,-4.028218,5.8331,-18.182714,9.0635,4.1223106,6.2099,-62.14407,14.201,41.89632,16.075,50.737713,13.827,29.57343,9.0481,3.1546562,5.3318,-0.33883965,16.949,-123.55286,6.5086,-17.277714,5.58,208.09357,7.3862,339.99713,9.3168,319.70215,8.2516,38.554462,5.5354,31.381964,8.2532,-16.389643,8.1045,125.1825,11.738,140.17572,17.967,-405.92392,66.01,665.23926,26.516,399.49072,82.574
2004-07-16 15:21:33.750,676.04285,81.77,-14.8194,100.931,51.4642,76.0977,152.772,35.2121,146.247,29.9736,62.7961,18.2653,99.8536,39.898,58.1524,53.0932,121.273,65.007,-97.87111,14.294,-35.010284,8.6197,-110.48857,13.29,-84.50446,7.782,-29.857214,9.6096,-73.04542,11.781,-87.34532,17.341,-52.0183,10.26,-26.506027,5.8331,-23.535095,9.0635,11.114596,6.2099,-66.30598,14.201,22.064894,16.075,71.29009,13.827,35.984856,9.0481,0.7321513,5.3318,-24.731096,16.949,-122.56238,6.5086,-22.92343,5.58,208.72214,7.3862,340.45428,9.3168,326.15927,8.2516,43.366844,5.5354,44.261013,8.2532,-14.246786,8.1045,133.51584,11.738,163.52809,17.967,-472.16202,66.01,675.3536,26.516,366.70975,82.574
2004-08-18 13:55:18.750,546.36127,248.775,-22.7272,478.991,19.2803,275.101,133.057,78.7291,174.296,98.7386,50.4376,74.8522,17.2788,147.572,46.1339,115.859,130.995,187.256,-94.32423,14.294,-17.835278,8.6197,-108.246025,13.29,-66.08588,7.782,-53.886505,9.6096,-73.48024,11.781,-84.79302,17.341,-47.654083,10.26,6.7856207,5.8331,-34.42002,9.0635,-4.212258,6.2099,-57.49152,14.201,68.474045,16.075,70.509384,13.827,26.359976,9.0481,-3.7256289,5.3318,-20.921896,16.949,-116.49434,6.5086,-17.766518,5.58,210.60156,7.3862,343.97952,9.3168,319.4846,8.2516,36.34171,5.5354,60.4346,8.2532,-12.918739,8.1045,158.8206,11.738,206.34108,17.967,-400.6147,66.01,681.8112,26.516,487.5376,82.574
2004-09-16 20:38:26.250,508.05695,359.052,-22.8761,41.9763,28.2677,44.0425,109.338,53.6751,125.979,24.2239,32.5289,19.6447,60.0372,41.9694,44.3437,20.3938,135.423,51.397,-87.85851,14.294,-29.43348,8.6197,-110.89713,13.29,-82.545715,7.782,-43.001358,9.6096,-80.951904,11.781,-109.4123,17.341,-39.72524,10.26,-18.754095,5.8331,-7.458644,9.0635,1.7102691,6.2099,-18.345167,14.201,82.444595,16.075,72.89612,13.827,12.219429,9.0481,-23.047693,5.3318,-7.983031,16.949,-137.57428,6.5086,-15.468691,5.58,200.46274,7.3862,318.05035,9.3168,311.11166,8.2516,39.311546,5.5354,42.9223,8.2532,-7.943099,8.1045,128.55452,11.738,163.53084,17.967,-402.28214,66.01,628.0418,26.516,389.29047,82.574
2004-10-16 03:21:33.750,439.89276,332.449,-14.4731,396.831,-13.9106,259.109,136.441,106.815,82.2636,98.0976,13.4807,90.2642,64.3875,124.46,34.4664,147.678,143.543,288.099,-64.779465,14.294,-10.431861,8.6197,-92.26761,13.29,-75.48286,7.782,-40.389927,9.6096,-65.26428,11.781,-97.59611,17.341,-51.504284,10.26,-14.441714,5.8331,-13.534168,9.0635,7.291793,6.2099,-28.4385,14.201,106.652214,16.075,60.98564,13.827,21.773714,9.0481,-0.1430925,5.3318,1.5424929,16.949,-110.71714,6.5086,-22.00393,5.58,192.6818,7.3862,330.07892,9.3168,297.645,8.2516,30.875357,5.5354,53.506107,8.2532,-11.623004,8.1045,155.31642,11.738,197.1975,17.967,-291.25357,66.01,653.78467,26.516,559.7286,82.574
2004-11-18 01:55:18.750,537.6644,75.5244,-8.6697,94.9144,-1.72366,46.7983,109.222,21.1226,75.4049,22.2805,35.3126,13.0656,111.283,60.1094,75.4254,34.9946,144.853,53.7962,-74.77772,14.294,-25.995,8.6197,-114.71952,13.29,-93.78048,7.782,-31.21438,9.6096,-88.934525,11.781,-82.88095,17.341,-49.290478,10.26,-23.245571,5.8331,-23.366428,9.0635,16.00042,6.2099,-42.921856,14.201,60.322334,16.075,66.3329,13.827,34.584667,9.0481,-6.6668286,5.3318,-18.102524,16.949,-109.97857,6.5086,-24.831524,5.58,188.21953,7.3862,332.46667,9.3168,296.00763,8.2516,37.04281,5.5354,59.918526,8.2532,-18.582237,8.1045,153.55618,11.738,194.88762,17.967,-423.87332,66.01,644.14954,26.516,415.16382,82.574
2004-12-17 08:38:26.250,553.716,44.2344,-9.33268,64.174,19.2856,31.4078,132.086,18.6308,85.726,14.2562,17.1989,19.802,92.686,22.5113,66.6159,30.6166,152.98,29.4848,-83.812,14.294,-28.795,8.6197,-121.71,13.29,-103.03,7.782,-29.162,9.6096,-94.885,11.781,-101.32,17.341,-42.06,10.26,-14.417,5.8331,-37.115,9.0635,8.0888,6.2099,-52.919,14.201,51.949,16.075,59.671,13.827,32.198,9.0481,-6.4454,5.3318,-46.793,16.949,-108.35,6.5086,-42.002,5.58,183.61,7.3862,341.0,9.3168,294.96,8.2516,35.539,5.5354,64.049,8.2532,-8.287,8.1045,162.28,11.738,218.04,17.967,-526.74,66.01,620.94,26.516,312.24,82.574
2005-01-15 14:24:22.500,494.78644,72.8712,-36.5537,48.9839,26.8702,26.8017,82.852,11.8275,92.7825,12.6703,51.1531,8.30061,100.463,30.5463,58.4942,23.8857,129.221,19.9657,-95.68224,14.294,-30.883781,8.6197,-122.217316,13.29,-91.24658,7.782,-52.509315,9.6096,-100.45085,11.781,-109.88586,17.341,-38.60829,10.26,-12.882366,5.8331,-38.87012,9.0635,5.8257756,6.2099,-56.77461,14.201,73.76559,16.075,61.041733,13.827,22.878,9.0481,-4.889107,5.3318,-27.825195,16.949,-106.93536,6.5086,-31.284927,5.58,189.6783,7.3862,318.62927,9.3168,304.86243,8.2516,40.389732,5.5354,40.234367,8.2532,-9.563585,8.1045,140.01659,11.738,170.6839,17.967,-523.54,66.01,619.6619,26.516,266.80585,82.574
2005-02-13 19:12:11.250,543.05865,61.603,-32.7377,48.9532,48.3406,43.2405,105.025,13.5553,71.3585,16.9286,46.0211,9.26905,127.826,39.037,61.0696,15.4554,126.447,18.9824,-85.23041,14.294,-27.106297,8.6197,-134.52704,13.29,-87.60281,7.782,-38.517593,9.6096,-117.37444,11.781,-80.90489,17.341,-59.320072,10.26,-13.740519,5.8331,-36.721333,9.0635,-1.2142074,6.2099,-71.7093,14.201,65.731,16.075,43.558743,13.827,16.416555,9.0481,-12.782896,5.3318,-44.291443,16.949,-111.83037,6.5086,-25.865149,5.58,174.05667,7.3862,305.25296,9.3168,293.20776,8.2516,27.775814,5.5354,54.90485,8.2532,-25.882574,8.1045,142.65704,11.738,171.6763,17.967,-600.10223,66.01,577.36554,26.516,148.93964,82.574
2005-03-18 15:35:37.500,600.96277,71.9142,-10.7372,50.5264,21.5485,24.5463,112.563,13.6255,93.1795,13.6097,42.8771,12.1821,117.021,39.3284,88.0786,14.9557,143.824,20.6167,-59.791855,14.294,-34.834324,8.6197,-118.0706,13.29,-79.07333,7.782,-45.1523,9.6096,-95.25834,11.781,-82.20336,17.341,-35.307026,10.26,-10.688513,5.8331,-34.770233,9.0635,4.183118,6.2099,-68.724686,14.201,59.697216,16.075,53.61593,13.827,34.62047,9.0481,-14.321385,5.3318,-42.718674,16.949,-119.32,6.5086,-31.564507,5.58,175.39217,7.3862,292.01794,9.3168,279.07205,8.2516,32.061012,5.5354,46.10206,8.2532,-16.16794,8.1045,148.92157,11.738,178.85939,17.967,-509.00278,66.01,567.8652,26.516,237.7218,82.574
2005-04-16 20:24:22.500,624.80457,62.5334,-18.353,47.3618,9.00939,27.1891,131.636,16.8805,56.0637,31.3462,57.7051,10.5765,149.356,43.5042,84.5648,14.1119,162.241,27.2996,-35.483856,14.294,-22.356215,8.6197,-102.601074,13.29,-81.016785,7.782,-22.965607,9.6096,-87.26725,11.781,-88.87993,17.341,-26.286678,10.26,-8.67755,5.8331,-7.3478,9.0635,0.008716071,6.2099,-48.548927,14.201,75.600395,16.075,54.90493,13.827,30.903856,9.0481,-11.918032,5.3318,-26.886072,16.949,-115.766075,6.5086,-26.530428,5.58,164.07785,7.3862,295.41714,9.3168,266.2025,8.2516,28.744358,5.5354,54.578106,8.2532,-21.168642,8.1045,144.24358,11.738,177.65286,17.967,-373.33,66.01,576.6643,26.516,380.98715,82.574
2005-05-16 01:12:11.250,664.5695,42.8003,-4.70337,46.8794,15.8486,26.0782,126.929,15.4954,85.1219,14.7387,55.0907,8.41331,154.781,40.0176,77.1815,20.8722,156.895,23.2992,-44.386715,14.294,-12.895262,8.6197,-103.962975,13.29,-59.49107,7.782,-50.981796,9.6096,-80.07391,11.781,-67.62469,17.341,-37.61144,10.26,-8.262883,5.8331,-21.3638,9.0635,-0.87965536,6.2099,-36.97369,14.201,49.93087,16.075,54.39636,13.827,29.166714,9.0481,-2.4522226,5.3318,-43.18131,16.949,-103.127975,6.5086,-31.741858,5.58,169.62071,7.3862,301.2076,9.3168,274.8025,8.2516,34.407215,5.5354,40.68763,8.2532,-16.625786,8.1045,138.73882,11.738,162.79572,17.967,-392.26334,66.01,600.77856,26.516,371.31094,82.574
2005-06-17 21:35:37.500,630.02936,51.1498,-28.1803,51.7107,56.2641,41.8021,113.875,15.896,108.769,14.4168,63.764,8.08589,89.3095,19.987,65.5162,15.2766,164.878,30.7247,-49.26793,14.294,-18.142483,8.6197,-113.433495,13.29,-73.14387,7.782,-53.761086,9.6096,-72.59793,11.781,-87.10961,17.341,-17.064314,10.26,-11.526458,5.8331,-27.15729,9.0635,1.267073,6.2099,-36.26305,14.201,71.20873,16.075,63.31723,13.827,29.68765,9.0481,5.0892854,5.3318,-32.648193,16.949,-102.708916,6.5086,-17.84036,5.58,179.74771,7.3862,302.07266,9.3168,271.44,8.2516,34.52065,5.5354,37.900543,8.2532,-9.888932,8.1045,123.96771,11.738,151.98048,17.967,-372.2776,66.01,617.96204,26.516,397.66495,82.574
2005-07-17 02:24:22.500,512.77325,47.6166,-20.3945,47.6384,24.2801,25.3869,84.5065,14.0427,74.5486,14.3308,66.1335,11.0569,85.7292,19.7628,64.7805,14.6674,137.21,21.1824,-55.822704,14.294,-13.5268,8.6197,-111.87313,13.29,-71.45434,7.782,-45.19885,9.6096,-73.179344,11.781,-54.99647,17.341,-34.05374,10.26,-10.903152,5.8331,-23.734177,9.0635,8.735513,6.2099,-49.104317,14.201,93.53648,16.075,48.511906,13.827,16.412647,9.0481,-6.2830176,5.3318,-27.840754,16.949,-99.8768,6.5086,-12.600636,5.58,193.0353,7.3862,288.7147,9.3168,285.8268,8.2516,33.03435,5.5354,51.360786,8.2532,-15.864988,8.1045,124.26259,11.738,159.75742,17.967,-354.9532,66.01,632.3133,26.516,437.11728,82.574
2005-08-15 07:12:11.250,323.07867,41.8937,-37.411,50.941,-10.2771,25.257,33.5044,14.805,22.3865,23.4504,30.7602,6.96601,106.222,39.7016,56.2704,12.6932,127.827,23.1727,-64.09094,14.294,-12.6788,8.6197,-97.1983,13.29,-77.58799,7.782,-35.87273,9.6096,-60.912987,11.781,-63.015293,17.341,-40.76339,10.26,-14.389271,5.8331,-32.021236,9.0635,14.628031,6.2099,-37.317024,14.201,110.715775,16.075,44.588142,13.827,14.158529,9.0481,-10.263723,5.3318,-20.75087,16.949,-93.3488,6.5086,-18.066048,5.58,176.84706,7.3862,308.10294,9.3168,268.49976,8.2516,28.08847,5.5354,40.312317,8.2532,-13.024518,8.1045,118.76612,11.738,146.05388,17.967,-318.68024,66.01,606.04504,26.516,433.40906,82.574
2005-09-17 03:35:37.500,230.36673,45.0134,-60.5908,47.4669,14.5662,32.1684,13.8768,12.4474,38.4735,13.817,20.7489,8.97713,65.2469,22.6039,40.0157,16.2559,107.366,22.4882,-61.779903,14.294,-10.108857,8.6197,-96.59381,13.29,-84.7241,7.782,-52.659763,9.6096,-55.299522,11.781,-47.676,17.341,-37.90262,10.26,-14.531295,5.8331,-26.87681,9.0635,21.698381,6.2099,-6.3700476,14.201,83.82448,16.075,39.44181,13.827,13.076048,9.0481,-1.7779857,5.3318,-12.232257,16.949,-96.897285,6.5086,-3.301438,5.58,192.42714,7.3862,297.20428,9.3168,287.0962,8.2516,37.35314,5.5354,37.099525,8.2532,-20.340096,8.1045,91.442856,11.738,108.20619,17.967,-288.71335,66.01,652.0952,26.516,471.5881,82.574
2005-10-16 08:24:22.500,236.49916,41.3429,-29.396,47.833,-14.6116,31.3999,8.84175,12.0914,8.73606,14.829,1.18278,10.3042,93.9155,32.2274,51.7692,12.4438,122.623,29.4004,-50.858,14.294,-5.026,8.6197,-90.93,13.29,-85.786,7.782,-50.795,9.6096,-81.21,11.781,-49.736,17.341,-36.895,10.26,-4.8572,5.8331,-31.173,9.0635,13.806,6.2099,-22.931,14.201,84.894,16.075,72.698,13.827,29.917,9.0481,-6.4137,5.3318,-8.9374,16.949,-90.363,6.5086,-2.3622,5.58,190.57,7.3862,312.49,9.3168,288.62,8.2516,33.696,5.5354,53.99,8.2532,-23.342,8.1045,111.28,11.738,141.93,17.967,-273.38,66.01,681.8,26.516,550.35,82.574
2005-11-18 04:47:48.750,198.25642,62.369,-70.0006,46.9879,25.3425,31.564,3.95989,13.2809,14.7087,13.2599,-10.264,16.2029,96.7005,37.7596,47.5037,15.1487,102.189,22.0848,-37.9585,14.294,-9.690958,8.6197,-91.35458,13.29,-82.1105,7.782,-41.05792,9.6096,-80.98333,11.781,-61.5365,17.341,-34.449097,10.26,-7.9906836,5.8331,-25.51225,9.0635,8.281834,6.2099,-22.27675,14.201,99.7155,16.075,64.65117,13.827,29.946833,9.0481,-5.2573,5.3318,8.599417,16.949,-92.194,6.5086,-7.2325335,5.58,195.095,7.3862,326.28333,9.3168,292.04666,8.2516,45.825417,5.5354,58.713333,8.2532,-8.73765,8.1045,124.54,11.738,174.51334,17.967,-251.02667,66.01,721.86664,26.516,645.35333,82.574
2005-12-17 09:35:37.500,315.92233,69.4038,-25.2891,74.9874,26.3142,33.349,36.6625,17.8112,64.9962,24.2649,17.0297,13.8798,37.6196,28.7312,42.8514,23.7509,122.034,32.6048,-54.624893,14.294,-28.980682,8.6197,-104.48847,13.29,-82.719826,7.782,-59.868305,9.6096,-82.34103,11.781,-96.43369,17.341,-1.1524464,10.26,-3.1215036,5.8331,-38.304707,9.0635,-4.065979,6.2099,-36.326824,14.201,76.58376,16.075,101.96184,13.827,27.47922,9.0481,-10.375518,5.3318,-12.099047,16.949,-88.04769,6.5086,-11.845219,5.58,206.36906,7.3862,304.68448,9.3168,290.41446,8.2516,46.57232,5.5354,72.4016,8.2532,-20.823137,8.1045,134.64342,11.738,186.21776,17.967,-354.25424,66.01,693.5222,26.516,525.48615,82.574
2006-01-15 14:24:22.500,230.82866,100.859,-72.0808,60.3636,55.7885,48.5587,14.2186,14.3495,17.5165,14.9061,-4.8307,21.2425,96.862,35.8408,37.8753,21.3448,101.92,24.8086,-40.14207,14.294,-30.492212,8.6197,-108.714355,13.29,-76.235115,7.782,-51.10313,9.6096,-79.72832,11.781,-81.75887,17.341,-28.119816,10.26,-13.817597,5.8331,-39.68353,9.0635,1.2545859,6.2099,-28.562119,14.201,88.790825,16.075,56.410778,13.827,8.365054,9.0481,-4.0959883,5.3318,-18.873636,16.949,-93.05287,6.5086,-1.9310541,5.58,182.87729,7.3862,293.87036,9.3168,277.20035,8.2516,38.50079,5.5354,53.0576,8.2532,-9.626808,8.1045,107.801056,11.738,151.22482,17.967,-406.3672,66.01,657.3152,26.516,402.1826,82.574
2006-02-13 19:12:11.250,245.43095,112.408,-65.4519,58.6416,24.5997,27.206,25.7617,14.2618,-5.6968,25.4068,-4.867,20.9219,127.856,48.3629,45.2842,19.7066,111.87,23.4009,-40.10548,14.294,-29.046074,8.6197,-130.30371,13.29,-81.83056,7.782,-34.052372,9.6096,-85.35219,11.781,-75.742294,17.341,-41.366444,10.26,-12.4383335,5.8331,-44.46637,9.0635,5.0684295,6.2099,-44.246296,14.201,64.494225,16.075,65.82222,13.827,19.81523,9.0481,-7.4011407,5.3318,-38.394703,16.949,-88.941925,6.5086,-16.570415,5.58,176.05963,7.3862,302.44,9.3168,248.8574,8.2516,31.966555,5.5354,55.876965,8.2532,-16.002033,8.1045,95.26437,11.738,135.13518,17.967,-469.44406,66.01,613.7026,26.516,279.40372,82.574
2006-03-18 15:35:37.500,380.78726,49.8178,-34.394,50.7357,22.4876,24.8376,66.469,12.0011,43.6878,13.6014,10.8278,15.9355,109.133,33.8406,64.5963,16.1168,104.208,22.7921,-29.240025,14.294,-28.912395,8.6197,-88.184494,13.29,-80.9252,7.782,-21.136374,9.6096,-86.26315,11.781,-82.16783,17.341,-25.649868,10.26,-10.716397,5.8331,-36.954082,9.0635,7.624188,6.2099,-49.16329,14.201,71.82402,16.075,103.19282,13.827,13.268241,9.0481,-16.34408,5.3318,-20.407278,16.949,-97.65135,6.5086,-11.687843,5.58,163.98216,7.3862,282.7547,9.3168,259.8577,8.2516,32.047615,5.5354,57.68042,8.2532,-7.8271036,8.1045,113.74711,11.738,163.60023,17.967,-350.90927,66.01,600.0512,26.516,412.74216,82.574
2006-04-16 20:24:22.500,312.86942,53.8968,-52.3528,50.9013,43.1467,27.1157,67.207,13.7103,21.3815,13.4938,2.2355,16.172,114.055,38.547,41.2922,19.2761,86.3563,22.4707,-12.942325,14.294,-8.429235,8.6197,-89.672104,13.29,-66.30436,7.782,-30.647715,9.6096,-84.41857,11.781,-71.99175,17.341,-45.71943,10.26,-12.35265,5.8331,-12.189643,9.0635,7.0477552,6.2099,-48.53668,14.201,56.988144,16.075,95.37171,13.827,15.047,9.0481,-9.104353,5.3318,-42.468388,16.949,-91.52007,6.5086,-12.710579,5.58,163.82857,7.3862,269.5811,9.3168,261.98892,8.2516,41.20343,5.5354,66.49446,8.2532,-13.998829,8.1045,123.14321,11.738,175.63893,17.967,-347.3807,66.01,619.4325,26.516,447.6907,82.574
2006-05-16 01:12:11.250,388.7148,55.4024,-32.9813,46.7762,61.3994,31.9096,59.3139,16.5238,24.3307,13.7305,40.4267,7.70329,122.012,39.0398,34.2555,18.4516,84.6886,18.5595,1.4223417,14.294,-2.7875214,8.6197,-59.70163,13.29,-36.020546,7.782,-60.000095,9.6096,-82.06048,11.781,-62.145084,17.341,-30.317524,10.26,-1.43665,5.8331,-10.5534525,9.0635,1.0572315,6.2099,-33.78144,14.201,77.49862,16.075,101.44409,13.827,28.860332,9.0481,-0.8177525,5.3318,-0.6387307,16.949,-84.29531,6.5086,-1.3660071,5.58,158.99048,7.3862,276.00964,9.3168,261.42703,8.2516,37.721523,5.5354,55.33351,8.2532,-1.8875905,8.1045,128.2956,11.738,181.74368,17.967,-171.39977,66.01,649.8992,26.516,660.2431,82.574
2006-06-17 21:35:37.500,339.77185,64.3542,-36.7492,70.2442,54.4242,26.8251,38.518,15.8302,13.1408,17.8604,34.2927,9.71231,96.5858,25.3711,58.2489,20.0823,90.5661,25.9448,-14.510337,14.294,-5.246949,8.6197,-60.28218,13.29,-42.039833,7.782,-47.53923,9.6096,-73.79588,11.781,-70.77842,17.341,-41.635628,10.26,-13.839699,5.8331,-4.6375227,9.0635,-7.95491,6.2099,-51.60846,14.201,69.130714,16.075,82.3652,13.827,30.075928,9.0481,-1.1884156,5.3318,0.3580653,16.949,-88.35414,6.5086,-12.069735,5.58,167.63928,7.3862,265.99927,9.3168,265.54782,8.2516,46.92347,5.5354,70.64688,8.2532,-24.056862,8.1045,95.56312,11.738,142.15398,17.967,-238.6182,66.01,631.16504,26.516,534.7014,82.574
2006-07-17 02:24:22.500,305.71945,58.0964,-19.3281,66.8136,37.3933,27.404,56.6905,21.4683,-27.5248,26.3748,0.723181,15.0995,137.99,45.8939,41.0916,18.1126,83.512,26.5073,-12.763106,14.294,-23.04387,8.6197,-52.58185,13.29,-22.815836,7.782,-60.662518,9.6096,-67.99647,11.781,-76.889755,17.341,-28.553846,10.26,-18.24038,5.8331,-20.104624,9.0635,2.2845376,6.2099,-59.920258,14.201,78.84653,16.075,85.031586,13.827,45.42593,9.0481,7.6947117,5.3318,5.292355,16.949,-84.86857,6.5086,-12.188588,5.58,160.50777,7.3862,260.07742,9.3168,253.93588,8.2516,47.17259,5.5354,64.4854,8.2532,-2.5043485,8.1045,97.758385,11.738,159.73788,17.967,-206.23447,66.01,611.8694,26.516,565.3828,82.574
2006-08-15 07:12:11.250,163.03165,75.1702,-35.7331,44.0066,37.007,24.7208,6.67467,17.1304,-30.195,17.5727,28.7234,10.3518,77.5979,34.7172,27.0419,15.7222,58.1924,20.647,-21.287342,14.294,-8.678694,8.6197,-68.93573,13.29,-32.08925,7.782,-41.323223,9.6096,-60.735294,11.781,-77.71987,17.341,-31.54773,10.26,-7.255532,5.8331,-14.649565,9.0635,-5.3379564,6.2099,-30.810612,14.201,75.787704,16.075,86.735115,13.827,34.223106,9.0481,-3.0088177,5.3318,-5.861433,16.949,-82.011154,6.5086,-20.852118,5.58,175.21835,7.3862,260.7739,9.3168,252.57118,8.2516,46.23612,5.5354,64.5814,8.2532,-0.9862873,8.1045,116.85392,11.738,180.45317,17.967,-191.21329,66.01,610.6459,26.516,599.89575,82.574
2006-09-17 03:35:37.500,49.46217,46.7246,-27.3526,59.5664,30.5665,27.0164,-30.4253,14.8552,-32.7358,17.1285,-14.9265,14.7626,56.0925,46.3366,25.6882,15.8319,49.9803,19.5238,-21.215904,14.294,-5.8342857,8.6197,-60.948906,13.29,-50.650906,7.782,-23.770475,9.6096,-98.04272,11.781,-31.533476,17.341,-51.861523,10.26,-11.772157,5.8331,-24.624714,9.0635,13.783733,6.2099,-64.78314,14.201,90.179,16.075,99.08748,13.827,37.94243,9.0481,-3.8274143,5.3318,3.974762,16.949,-72.11457,6.5086,-7.1757617,5.58,166.27809,7.3862,255.6019,9.3168,254.70952,8.2516,38.952858,5.5354,71.03824,8.2532,0.66899526,8.1045,113.64095,11.738,185.34428,17.967,-182.68715,66.01,615.04236,26.516,617.6995,82.574
2006-10-16 08:24:22.500,49.48469,75.3598,-18.5859,49.243,48.4993,26.606,-5.64276,12.4432,-14.4744,13.0328,-48.4267,17.2566,28.4226,25.5518,11.4091,18.249,55.327,19.9137,-37.134,14.294,-6.616,8.6197,-70.027,13.29,-58.629,7.782,-20.08,9.6096,-69.797,11.781,-71.643,17.341,-43.112,10.26,-0.39529,5.8331,-17.799,9.0635,8.5184,6.2099,-69.566,14.201,93.259,16.075,99.057,13.827,14.931,9.0481,-7.7857,5.3318,12.458,16.949,-78.686,6.5086,-11.343,5.58,160.24,7.3862,266.84,9.3168,252.7,8.2516,39.27,5.5354,76.983,8.2532,8.7909,8.1045,115.06,11.738,200.83,17.967,-207.23,66.01,591.89,26.516,585.49,82.574
2006-11-18 04:47:48.750,123.829926,50.3476,-18.8578,45.1086,61.5645,29.566,-5.97402,12.6847,-55.6728,18.6472,-1.79105,7.48141,72.8447,37.5696,22.5592,13.4182,55.8032,17.7025,-34.337418,14.294,-11.343375,8.6197,-74.11483,13.29,-49.550915,7.782,-20.39025,9.6096,-77.885086,11.781,-75.347916,17.341,-47.544918,10.26,-6.7162666,5.8331,-25.718,9.0635,6.98555,6.2099,-39.27275,14.201,67.90358,16.075,72.582,13.827,19.9115,9.0481,-5.611117,5.3318,-12.497659,16.949,-77.55317,6.5086,-14.17,5.58,152.65584,7.3862,246.68834,9.3168,249.11,8.2516,35.320583,5.5354,88.01559,8.2532,-6.065533,8.1045,118.46833,11.738,200.4175,17.967,-278.6075,66.01,557.7133,26.516,479.5225,82.574
2006-12-17 09:35:37.500,98.18817,86.9144,-26.3188,49.6292,36.772,24.9763,-59.0901,25.5402,-45.2568,14.5768,8.7529,9.87101,100.993,41.9332,37.7987,14.1319,54.9076,18.6962,-40.985237,14.294,-27.592764,8.6197,-57.863213,13.29,-42.661034,7.782,-39.518528,9.6096,-58.68086,11.781,-96.18289,17.341,-28.230883,10.26,1.5147859,5.8331,-22.766235,9.0635,-4.6301646,6.2099,-46.596752,14.201,47.403187,16.075,63.17027,13.827,28.251152,9.0481,-2.1753187,5.3318,1.9235789,16.949,-72.782364,6.5086,-15.352012,5.58,147.04388,7.3862,246.89235,9.3168,227.48106,8.2516,31.359564,5.5354,77.92418,8.2532,-8.137669,8.1045,116.81423,11.738,186.60518,17.967,-284.63223,66.01,523.658,26.516,425.6213,82.574
2007-01-15 14:24:22.500,138.34517,101.677,-36.1255,50.9496,21.7272,27.4127,3.91546,13.2191,-56.395,28.036,6.2663,8.75021,106.073,41.184,46.5769,16.7781,58.2667,24.4468,-34.218178,14.294,-35.319824,8.6197,-70.10886,13.29,-54.021976,7.782,-24.172647,9.6096,-90.67709,11.781,-95.94007,17.341,-28.894411,10.26,-6.5095906,5.8331,-25.599176,9.0635,-3.7572236,6.2099,-49.550163,14.201,46.741543,16.075,43.924152,13.827,14.948565,9.0481,-9.373154,5.3318,-40.116985,16.949,-85.725426,6.5086,-19.00566,5.58,151.14742,7.3862,217.62177,9.3168,222.70929,8.2516,33.214622,5.5354,55.928883,8.2532,-5.040821,8.1045,102.527176,11.738,153.40988,17.967,-428.42517,66.01,485.738,26.516,210.72247,82.574
2007-02-13 19:12:11.250,192.85449,84.2716,-10.8083,53.4494,65.2462,31.5628,5.85176,14.505,-25.1992,13.9827,-0.957587,9.60373,80.6709,38.0832,22.4042,17.5431,58.0878,21.964,-28.45835,14.294,-29.9906,8.6197,-55.9772,13.29,-41.319,7.782,-47.53415,9.6096,-83.75987,11.781,-108.0786,17.341,-27.41925,10.26,2.2413726,5.8331,-10.928975,9.0635,-17.982685,6.2099,-38.890224,14.201,33.6093,16.075,62.123024,13.827,-7.305705,9.0481,-6.504665,5.3318,-34.6745,16.949,-76.2249,6.5086,-26.888226,5.58,140.3495,7.3862,233.6015,9.3168,199.9895,8.2516,21.00135,5.5354,55.075775,8.2532,-2.861495,8.1045,83.985275,11.738,136.2,17.967,-412.39325,66.01,463.36926,26.516,187.176,82.574
2007-03-18 15:35:37.500,147.83965,59.4704,-32.0323,44.8231,89.8359,42.9379,1.49858,13.2877,-11.6885,11.4545,1.80592,8.67291,62.0147,31.6842,7.32029,21.4444,37.2422,17.9259,-40.396423,14.294,-21.166723,8.6197,-68.31798,13.29,-29.703012,7.782,-59.062107,9.6096,-86.27629,11.781,-96.22826,17.341,-29.30471,10.26,-10.297955,5.8331,-15.236458,9.0635,-8.932631,6.2099,-45.510902,14.201,32.007336,16.075,72.43059,13.827,35.743893,9.0481,1.0483772,5.3318,-15.946897,16.949,-75.60605,6.5086,-23.754084,5.58,156.91338,7.3862,213.0253,9.3168,212.28337,8.2516,31.961073,5.5354,41.134083,8.2532,0.6635892,8.1045,65.01537,11.738,106.813736,17.967,-344.7523,66.01,474.42578,26.516,236.48723,82.574
2007-04-16 20:24:22.500,153.5293,44.4686,-12.5224,40.4239,49.6073,23.5414,8.84025,15.7612,-1.04006,12.8233,26.5935,9.09799,57.7076,25.6249,3.6647,16.3897,28.0576,19.7186,-48.718323,14.294,-11.517678,8.6197,-55.47607,13.29,-35.956215,7.782,-55.736465,9.6096,-84.97682,11.781,-67.64854,17.341,-25.078215,10.26,3.8763356,5.8331,-20.329243,9.0635,-6.606975,6.2099,-43.847214,14.201,25.516071,16.075,96.085144,13.827,28.790142,9.0481,-2.4334357,5.3318,-4.5607605,16.949,-59.52086,6.5086,-10.692715,5.58,156.68286,7.3862,215.57607,9.3168,203.0057,8.2516,27.84725,5.5354,46.073284,8.2532,-5.0595355,8.1045,80.48882,11.738,121.498215,17.967,-259.89822,66.01,484.1818,26.516,345.7818,82.574
2007-05-16 01:12:11.250,194.35678,44.8018,-19.5153,46.9946,77.6112,42.9796,-21.9528,20.4243,16.8939,12.7769,30.1714,7.41903,59.7197,23.8694,21.9038,13.8495,35.9287,15.9058,-49.07356,14.294,-10.629107,8.6197,-50.46464,13.29,-38.09526,7.782,-44.01551,9.6096,-56.38539,11.781,-90.83615,17.341,-19.243929,10.26,6.423955,5.8331,-3.3490524,9.0635,-5.323642,6.2099,-20.73293,14.201,39.837975,16.075,75.42229,13.827,14.847285,9.0481,-5.5090547,5.3318,-2.4637132,16.949,-60.39705,6.5086,-11.085095,5.58,156.22571,7.3862,233.8713,9.3168,207.69142,8.2516,39.26725,5.5354,39.840904,8.2532,-1.5164881,8.1045,79.92406,11.738,118.250595,17.967,-210.51726,66.01,516.4961,26.516,424.2294,82.574
2007-06-17 21:35:37.500,174.53377,40.3547,-7.81945,48.737,49.1608,22.5366,1.05458,15.4329,6.30764,13.9654,-0.817846,12.4024,73.561,35.8015,25.1567,13.3293,32.676,19.462,-43.928745,14.294,-25.212784,8.6197,-48.6357,13.29,-21.265951,7.782,-40.29688,9.6096,-65.72937,11.781,-84.13783,17.341,-9.371739,10.26,0.098573975,5.8331,-3.5232904,9.0635,-4.6037207,6.2099,-15.451434,14.201,33.13788,16.075,79.007385,13.827,34.53611,9.0481,-8.1215725,5.3318,5.863506,16.949,-56.228916,6.5086,-7.7464867,5.58,164.02313,7.3862,220.8535,9.3168,202.5129,8.2516,39.083447,5.5354,33.781807,8.2532,-15.412199,8.1045,47.12588,11.738,65.49642,17.967,-173.7106,66.01,518.5636,26.516,410.353,82.574
2007-07-17 02:24:22.500,-3.6758997,41.9957,-18.2724,45.5016,39.6334,22.5101,-32.064,12.3449,-54.3298,15.4069,-10.4049,10.9716,50.0124,32.1617,2.42071,13.6558,25.7599,18.0072,-41.190754,14.294,-19.34253,8.6197,-51.72093,13.29,-33.939648,7.782,-37.763424,9.6096,-70.890686,11.781,-78.9208,17.341,-16.083729,10.26,-0.4530306,5.8331,-4.7353086,9.0635,-3.2734118,6.2099,-31.300976,14.201,44.700848,16.075,82.15067,13.827,31.923565,9.0481,-9.101354,5.3318,-11.473395,16.949,-54.871105,6.5086,-5.51186,5.58,177.69412,7.3862,217.31294,9.3168,202.21588,8.2516,40.235836,5.5354,16.639647,8.2532,8.881218,8.1045,65.44962,11.738,90.97041,17.967,-210.22023,66.01,535.88,26.516,416.6273,82.574
2007-08-15 07:12:11.250,-163.60542,72.1138,-22.2138,56.3996,67.9751,46.0693,-93.2566,21.974,-60.0962,13.7471,-22.1276,10.9909,-4.18333,36.608,-12.9719,17.2321,-10.5365,22.3334,-36.66087,14.294,-11.803706,8.6197,-47.398106,13.29,-27.36553,7.782,-45.700363,9.6096,-66.197975,11.781,-93.1128,17.341,-16.592905,10.26,-9.222254,5.8331,-0.4316473,9.0635,-7.0818825,6.2099,-20.420034,14.201,33.05473,16.075,88.4575,13.827,22.826153,9.0481,-6.7515187,5.3318,3.9107928,16.949,-54.27534,6.5086,0.68574965,5.58,173.45882,7.3862,217.0306,9.3168,207.25117,8.2516,32.389248,5.5354,34.94553,8.2532,-7.6740766,8.1045,52.794563,11.738,80.06688,17.967,-203.82965,66.01,539.88,26.516,416.11905,82.574
2007-09-17 03:35:37.500,-195.602,125.169,-7.85297,62.5267,53.5055,46.6025,-107.064,25.008,-52.5316,16.8666,-12.2061,9.40653,-36.9207,23.6405,-15.0334,17.0405,-14.0631,24.3722,-52.59881,14.294,-2.6461525,8.6197,-50.633904,13.29,-40.694096,7.782,-41.646523,9.6096,-81.733665,11.781,-87.977905,17.341,-21.348286,10.26,9.962381,5.8331,7.4206696,9.0635,-15.2377615,6.2099,10.254429,14.201,27.744715,16.075,56.167,13.827,3.1260953,9.0481,2.5162504,5.3318,22.849237,16.949,-50.77562,6.5086,9.174448,5.58,171.48,7.3862,213.59143,9.3168,214.42047,8.2516,43.788284,5.5354,24.297953,8.2532,21.210056,8.1045,58.50905,11.738,104.0181,17.967,-201.8781,66.01,549.0819,26.516,451.2219,82.574
2007-10-16 08:24:22.500,-224.36339,103.167,-30.6544,68.4492,38.4212,36.6849,-103.836,23.4231,-75.4785,14.8863,-33.7936,10.3298,23.3379,58.9678,-20.2845,15.9616,-13.1026,22.872,-33.455,14.294,-3.4992,8.6197,-35.652,13.29,-40.356,7.782,-28.477,9.6096,-80.447,11.781,-82.956,17.341,-39.314,10.26,-1.29,5.8331,-0.36994,9.0635,0.24701,6.2099,-38.817,14.201,51.479,16.075,64.147,13.827,7.604,9.0481,-0.16874,5.3318,12.034,16.949,-58.228,6.5086,2.3734,5.58,158.88,7.3862,211.82,9.3168,203.83,8.2516,36.294,5.5354,47.577,8.2532,1.1912,8.1045,65.21,11.738,113.98,17.967,-215.84,66.01,521.52,26.516,419.66,82.574
2007-11-18 04:47:48.750,-236.27414,86.544,-55.324,74.0502,26.2434,38.0497,-94.9748,22.0149,-29.6041,29.0498,0.795088,14.538,-37.1118,27.4306,-10.6203,24.018,-22.3712,29.194,-44.154915,14.294,-20.681583,8.6197,-37.019833,13.29,-28.932417,7.782,-26.504583,9.6096,-80.4225,11.781,-81.76241,17.341,-33.676666,10.26,-4.4308085,5.8331,-9.881725,9.0635,-3.707425,6.2099,-12.731584,14.201,40.14275,16.075,25.360916,13.827,2.0319083,9.0481,-6.082608,5.3318,8.474,16.949,-55.53908,6.5086,4.0091333,5.58,152.06166,7.3862,192.4875,9.3168,189.2325,8.2516,27.450834,5.5354,27.451,8.2532,11.806225,8.1045,50.158165,11.738,89.4145,17.967,-269.82916,66.01,465.55,26.516,285.13416,82.574
2007-12-17 09:35:37.500,-243.07196,71.5934,-44.1925,58.7407,52.0236,43.8199,-116.294,34.3771,-52.5728,16.3753,-19.1475,9.59293,-21.0473,21.3213,-1.91053,20.4833,-26.3078,27.5772,-48.919846,14.294,-18.27067,8.6197,-46.366447,13.29,-34.18468,7.782,-28.522764,9.6096,-85.21279,11.781,-84.332825,17.341,-31.782835,10.26,-3.7075071,5.8331,-9.130513,9.0635,-5.269932,6.2099,-21.742918,14.201,6.614054,16.075,22.880013,13.827,5.9711766,9.0481,-8.405015,5.3318,-11.07707,16.949,-59.224163,6.5086,2.4142213,5.58,144.80176,7.3862,187.44035,9.3168,171.84624,8.2516,18.964554,5.5354,29.571459,8.2532,4.8252234,8.1045,30.536894,11.738,64.93386,17.967,-352.54413,66.01,417.3228,26.516,129.7206,82.574
2008-01-15 15:21:33.750,-172.07521,54.1356,-24.8744,53.7852,39.0333,29.3231,-76.8635,19.7533,-67.0512,16.1031,-19.6396,9.65027,20.1925,44.6654,-10.8818,17.1199,-22.8048,22.0835,-31.102436,14.294,-18.928553,8.6197,-54.245037,13.29,-40.65621,7.782,-24.089823,9.6096,-97.52714,11.781,-110.80812,17.341,-30.951777,10.26,-9.027696,5.8331,-18.189526,9.0635,-7.094779,6.2099,-47.447388,14.201,-7.4111695,16.075,33.893658,13.827,20.375883,9.0481,-3.5707564,5.3318,-30.838953,16.949,-65.65522,6.5086,-0.14521411,5.58,138.44882,7.3862,173.84976,9.3168,165.07918,8.2516,20.925964,5.5354,27.743694,8.2532,-7.7474823,8.1045,22.054071,11.738,42.050095,17.967,-446.5206,66.01,401.39813,26.516,-3.0634975,82.574
2008-02-17 13:55:18.750,-102.66988,103.086,-25.0336,82.2808,75.0248,64.7153,-75.3052,32.6907,-42.8989,19.8426,-9.59984,12.4504,27.8497,46.0068,-17.5723,19.8938,-27.2521,29.3031,-41.04788,14.294,-1.9309695,8.6197,-56.597878,13.29,-41.725197,7.782,-19.868841,9.6096,-92.448204,11.781,-102.852196,17.341,-33.976902,10.26,-18.613441,5.8331,-6.0354366,9.0635,1.476972,6.2099,-61.047512,14.201,-14.791012,16.075,50.987255,13.827,23.356476,9.0481,-6.6976914,5.3318,-23.27422,16.949,-55.184208,6.5086,-4.236184,5.58,141.1361,7.3862,181.15158,9.3168,160.6078,8.2516,24.013548,5.5354,43.516758,8.2532,-13.397758,8.1045,33.586098,11.738,63.705147,17.967,-404.0449,66.01,406.44098,26.516,66.10688,82.574
2008-03-17 20:38:26.250,-133.68874,71.3368,-50.2553,58.6818,75.211,55.1713,-54.3015,23.3446,-48.8846,14.049,-41.0376,23.4802,14.4561,29.9154,-14.782,18.375,-0.18506,24.3109,-66.386856,14.294,-11.326699,8.6197,-68.54288,13.29,-24.205217,7.782,-30.120422,9.6096,-89.655014,11.781,-114.397545,17.341,-25.050964,10.26,0.3945653,5.8331,-20.70388,9.0635,-14.158564,6.2099,-43.398518,14.201,-21.837555,16.075,10.936434,13.827,24.017977,9.0481,-8.479961,5.3318,-21.959446,16.949,-59.038193,6.5086,-4.6540303,5.58,138.23892,7.3862,169.4594,9.3168,171.38121,8.2516,26.667156,5.5354,18.199144,8.2532,0.094251804,8.1045,33.851845,11.738,52.14601,17.967,-458.4859,66.01,375.6741,26.516,-30.665903,82.574
2008-04-16 03:21:33.750,-31.808516,123.957,-19.2314,69.5194,58.2053,44.0281,-63.0739,26.8125,-31.6911,17.4281,-0.201697,11.2749,51.4973,62.4598,-6.22376,19.9015,-17.3508,28.1715,-52.223,14.294,-12.412,8.6197,-58.593,13.29,-28.371,7.782,-10.345,9.6096,-87.362,11.781,-88.732,17.341,-23.61,10.26,0.28244,5.8331,-15.554,9.0635,-6.0136,6.2099,-53.439,14.201,12.841,16.075,19.988,13.827,11.484,9.0481,3.1664,5.3318,-11.038,16.949,-53.31,6.5086,-4.9615,5.58,140.61,7.3862,160.91,9.3168,155.68,8.2516,25.338,5.5354,20.763,8.2532,7.4295,8.1045,67.181,11.738,95.373,17.967,-347.71,66.01,372.05,26.516,119.71,82.574
2008-05-19 01:55:18.750,-107.9047,68.9696,-39.3531,61.5382,66.9554,52.4487,-46.369,19.431,-38.3878,15.5307,15.5373,15.2441,-12.8123,24.4323,-14.6952,18.0526,-32.6788,28.676,-29.724987,14.294,-10.568675,8.6197,-20.586021,13.29,-19.798422,7.782,-26.232855,9.6096,-77.97863,11.781,-72.95746,17.341,-32.225796,10.26,-11.283089,5.8331,-6.208117,9.0635,8.812582,6.2099,-60.605385,14.201,29.074152,16.075,28.007555,13.827,22.537092,9.0481,4.205307,5.3318,13.117422,16.949,-45.525288,6.5086,4.135672,5.58,139.76855,7.3862,162.65097,9.3168,142.93542,8.2516,19.772013,5.5354,20.506502,8.2532,3.3099868,8.1045,58.081688,11.738,81.89852,17.967,-232.68964,66.01,394.0059,26.516,243.21614,82.574
2008-06-17 08:38:26.250,-144.88629,54.639,-29.5582,45.4268,49.0494,30.5051,-36.8411,11.7672,-59.5586,14.9034,-19.0144,9.58603,21.4917,37.2024,-22.9664,13.6891,-41.1674,18.7754,-25.174393,14.294,-11.584464,8.6197,-5.6852713,13.29,-30.591143,7.782,-13.804071,9.6096,-82.8455,11.781,-102.41286,17.341,-19.920143,10.26,-7.1396894,5.8331,9.96455,9.0635,-3.2578213,6.2099,-32.828213,14.201,8.168257,16.075,26.432453,13.827,9.087025,9.0481,-4.334471,5.3318,23.554785,16.949,-34.466965,6.5086,12.512,5.58,141.97144,7.3862,167.30179,9.3168,139.41464,8.2516,22.840714,5.5354,4.8773108,8.2532,23.53992,8.1045,48.438606,11.738,76.85671,17.967,-237.19107,66.01,424.3925,26.516,264.064,82.574
2008-07-16 15:21:33.750,-286.11703,55.634,-52.7151,56.9462,29.3969,30.2435,-75.0057,16.4002,-72.9053,13.4176,-15.3833,9.70873,-13.5843,45.0848,-28.4323,14.9928,-48.0371,21.1988,-37.638203,14.294,-19.276846,8.6197,-36.44451,13.29,-14.701619,7.782,-35.592644,9.6096,-98.11217,11.781,-59.555714,17.341,-42.617287,10.26,-10.920737,5.8331,-7.7541165,9.0635,-6.1437263,6.2099,-42.807262,14.201,-14.4808855,16.075,9.5645485,13.827,15.538359,9.0481,1.6049571,5.3318,14.615738,16.949,-47.479343,6.5086,11.632,5.58,139.60953,7.3862,160.9494,9.3168,156.60512,8.2516,24.24643,5.5354,17.416264,8.2532,-3.1288404,8.1045,13.841464,11.738,28.129095,17.967,-347.0863,66.01,407.92584,26.516,88.970665,82.574
2008-08-18 13:55:18.750,-472.34628,51.299,-91.0109,44.534,42.8336,47.2035,-96.9494,16.2805,-73.1774,15.8845,-43.2296,9.19837,-82.6512,17.9191,-44.8603,14.8395,-69.9956,21.646,-19.291952,14.294,-12.251751,8.6197,-47.98576,13.29,-24.57636,7.782,-26.70658,9.6096,-85.98912,11.781,-74.220566,17.341,-42.234398,10.26,-14.158952,5.8331,-6.275192,9.0635,-4.204524,6.2099,-51.026577,14.201,18.915169,16.075,-12.903145,13.827,15.162116,9.0481,-0.008618915,5.3318,-12.239735,16.949,-53.93495,6.5086,7.888341,5.58,139.48398,7.3862,152.15482,9.3168,158.55675,8.2516,32.913036,5.5354,26.505085,8.2532,14.381656,8.1045,48.848167,11.738,89.735855,17.967,-380.70374,66.01,417.7805,26.516,126.80518,82.574
2008-09-16 20:38:26.250,-465.6344,83.9356,-89.4985,49.6052,21.4568,39.5019,-71.0778,12.8544,-105.584,13.7733,-62.6936,11.2401,-25.6325,38.4206,-46.6425,17.1517,-73.9887,21.0788,-23.413696,14.294,-0.8073836,8.6197,-28.556595,13.29,-30.00288,7.782,-25.707214,9.6096,-70.66862,11.781,-84.11825,17.341,-39.186546,10.26,-18.88138,5.8331,-2.053624,9.0635,1.3588643,6.2099,-28.57575,14.201,29.936739,16.075,20.002487,13.827,-1.177813,9.0481,8.225954,5.3318,19.07506,16.949,-42.144524,6.5086,13.090044,5.58,136.47263,7.3862,154.13477,9.3168,165.48393,8.2516,44.843216,5.5354,21.18162,8.2532,5.8888736,8.1045,30.42231,11.738,57.492702,17.967,-251.13608,66.01,448.46048,26.516,254.82108,82.574
2008-10-16 03:21:33.750,-512.2205,44.8372,-92.2316,49.167,10.0797,27.0479,-93.7395,12.8249,-106.616,12.1159,-29.8037,10.5212,-65.3811,24.5916,-35.0311,13.7403,-85.6141,22.5842,-5.6294107,14.294,-5.2108693,8.6197,-35.644215,13.29,-30.633358,7.782,-14.364357,9.6096,-80.39814,11.781,-111.89825,17.341,-26.990356,10.26,-4.911761,5.8331,-16.839529,9.0635,-6.043993,6.2099,-51.75575,14.201,36.075787,16.075,-14.358464,13.827,21.80514,9.0481,-0.41770285,5.3318,17.959822,16.949,-40.666428,6.5086,4.7735677,5.58,126.28214,7.3862,178.51572,9.3168,140.19821,8.2516,33.82036,5.5354,39.151142,8.2532,-1.4892215,8.1045,50.76707,11.738,88.428894,17.967,-323.6218,66.01,437.29858,26.516,202.10678,82.574
2008-11-18 01:55:18.750,-438.77808,100.115,-104.947,69.1958,45.7908,62.9559,-83.7591,16.9744,-114.19,17.2651,-61.9309,12.4597,11.6057,61.2898,-30.3435,19.4008,-85.2646,24.2701,1.590971,14.294,2.12521,8.6197,-24.774857,13.29,-31.567667,7.782,-7.3881903,9.6096,-103.51362,11.781,-77.8791,17.341,-39.398952,10.26,-4.420105,5.8331,-3.0568094,9.0635,2.9023857,6.2099,-32.217876,14.201,25.812239,16.075,13.772238,13.827,15.490914,9.0481,-7.276829,5.3318,7.300981,16.949,-37.015144,6.5086,4.5733047,5.58,114.91857,7.3862,166.14047,9.3168,133.0319,8.2516,35.916237,5.5354,45.730762,8.2532,-7.2846894,8.1045,58.83038,11.738,97.27657,17.967,-264.08524,66.01,419.15808,26.516,252.35333,82.574
2008-12-17 08:38:26.250,-424.9348,52.9664,-92.2693,70.7612,44.129,41.3903,-86.8041,20.6719,-62.0703,22.5825,-57.9687,15.8504,-42.0471,22.6942,-30.1923,16.8768,-84.0556,27.2961,-0.16561,14.294,0.92141,8.6197,-34.592,13.29,-28.221,7.782,-15.468,9.6096,-85.386,11.781,-84.061,17.341,-27.298,10.26,-7.1202,5.8331,-13.581,9.0635,3.1081,6.2099,-2.5354,14.201,19.737,16.075,-18.963,13.827,4.1692,9.0481,-5.5914,5.3318,-4.1074,16.949,-47.758,6.5086,-4.1846,5.58,111.89,7.3862,144.75,9.3168,132.07,8.2516,33.321,5.5354,41.326,8.2532,-0.89648,8.1045,55.058,11.738,95.488,17.967,-298.99,66.01,369.92,26.516,166.42,82.574
2009-01-15 14:24:22.500,-356.69116,55.6416,-85.6923,74.7256,25.8984,28.9909,-57.2609,20.0171,-78.6251,16.974,-47.4757,13.5738,-10.0734,39.917,-10.4118,17.9841,-76.6699,28.7523,-9.291162,14.294,-8.238795,8.6197,-48.036877,13.29,-41.416122,7.782,8.601269,9.6096,-86.713806,11.781,-94.928314,17.341,-30.294098,10.26,-1.2628342,5.8331,-18.420025,9.0635,-9.348583,6.2099,-34.156475,14.201,12.8267565,16.075,-24.861536,13.827,2.9035416,9.0481,-15.013449,5.3318,-11.976278,16.949,-53.755074,6.5086,-6.8909416,5.58,106.055855,7.3862,134.78903,9.3168,121.1822,8.2516,35.610756,5.5354,36.14161,8.2532,0.804759,8.1045,56.28922,11.738,93.23531,17.967,-400.33633,66.01,327.70535,26.516,20.600489,82.574
2009-02-13 19:12:11.250,-266.74915,161.901,-76.1436,77.5296,25.1611,45.5461,-64.7829,22.5158,-75.2006,17.0924,10.4798,23.8224,44.6233,63.8764,-17.8519,18.0092,-102.321,34.509,-11.538344,14.294,3.422289,8.6197,-37.3827,13.29,-33.00037,7.782,-12.511815,9.6096,-69.39345,11.781,-79.972664,17.341,-7.8633037,10.26,7.140333,5.8331,1.5060593,9.0635,-6.7062073,6.2099,-23.998112,14.201,10.808963,16.075,-10.403259,13.827,15.116071,9.0481,-3.5742297,5.3318,0.7479407,16.949,-41.380703,6.5086,-0.32673186,5.58,104.87963,7.3862,122.62815,9.3168,105.454445,8.2516,23.49615,5.5354,43.969925,8.2532,-17.21047,8.1045,35.934074,11.738,62.69352,17.967,-246.06111,66.01,303.2115,26.516,119.84278,82.574
2009-03-18 15:35:37.500,-326.9327,132.376,-106.793,82.9338,47.0535,62.9885,-76.2109,22.3323,-55.4108,16.8333,11.5335,16.9871,-14.3839,32.8934,-24.2898,20.329,-96.313,34.2148,6.4059963,14.294,-1.8868518,8.6197,-26.754145,13.29,-23.072096,7.782,-11.7273445,9.6096,-67.252914,11.781,-51.01229,17.341,-3.890935,10.26,12.278072,5.8331,9.457849,9.0635,-3.9081445,6.2099,-17.14879,14.201,30.963903,16.075,-10.427313,13.827,8.464964,9.0481,-6.7926555,5.3318,-3.8765266,16.949,-50.403095,6.5086,2.921782,5.58,101.649155,7.3862,114.95145,9.3168,83.94294,8.2516,22.111458,5.5354,37.865158,8.2532,-11.451631,8.1045,40.70354,11.738,67.117035,17.967,-166.58975,66.01,281.5706,26.516,182.10144,82.574
2009-04-16 20:24:22.500,-397.05692,42.2605,-110.541,49.5538,29.0056,35.7363,-74.8385,23.2776,-82.458,14.5768,-32.6514,8.16985,10.6666,36.4609,-27.2138,13.7599,-93.2344,19.7045,-1.437525,14.294,-9.976792,8.6197,-23.805786,13.29,-18.117857,7.782,-4.834725,9.6096,-63.437073,11.781,-46.553715,17.341,-5.9784393,10.26,8.270496,5.8331,9.667346,9.0635,-4.35021,6.2099,-0.7612068,14.201,-10.687357,16.075,9.683607,13.827,18.507856,9.0481,-10.190789,5.3318,-4.5792356,16.949,-41.391144,6.5086,-1.8839736,5.58,99.4856,7.3862,104.69428,9.3168,87.141785,8.2516,30.25632,5.5354,20.31607,8.2532,-0.62613285,8.1045,39.242428,11.738,58.931927,17.967,-157.1425,66.01,276.86285,26.516,178.65036,82.574
2009-05-16 01:12:11.250,-342.68,68.3276,-87.4327,43.0974,20.5297,28.58,-25.1443,13.9483,-82.6532,16.2472,-38.9294,10.8133,38.5828,35.2564,-36.2809,13.9967,-118.622,20.8258,5.7218084,14.294,-0.61124927,8.6197,-19.053404,13.29,-4.3807144,7.782,3.8686082,9.6096,-64.71898,11.781,-42.546097,17.341,-11.566154,10.26,7.1237345,5.8331,2.575251,9.0635,-0.68914336,6.2099,-29.252855,14.201,35.356453,16.075,-9.686869,13.827,14.264048,9.0481,3.0414965,5.3318,-1.2015214,16.949,-34.43495,6.5086,-0.7739355,5.58,96.83513,7.3862,118.14191,9.3168,83.82941,8.2516,28.958225,5.5354,30.37131,8.2532,5.2519245,8.1045,54.50719,11.738,90.13002,17.967,-117.47583,66.01,298.27237,26.516,270.92654,82.574
2009-06-17 21:35:37.500,-272.58737,93.6888,-57.461,51.1494,32.4187,35.4087,-42.5279,15.4631,-76.1626,16.4764,-11.3703,7.99323,18.7293,41.729,-34.9494,14.5287,-95.703,21.0092,0.4439494,14.294,-8.283667,8.6197,-6.8054605,13.29,-3.8580554,7.782,2.1083844,9.6096,-56.622326,11.781,1.7680602,17.341,-31.508879,10.26,-3.1088445,5.8331,4.624099,9.0635,4.9544253,6.2099,4.4181542,14.201,9.908911,16.075,-23.43036,13.827,23.483374,9.0481,-9.168725,5.3318,4.4532385,16.949,-44.808685,6.5086,-0.38289014,5.58,88.016205,7.3862,99.96759,9.3168,88.677734,8.2516,23.228241,5.5354,23.121952,8.2532,-9.930793,8.1045,20.594254,11.738,33.785976,17.967,-87.06854,66.01,255.143,26.516,201.857,82.574
2009-07-17 02:24:22.500,-337.7974,125.759,-73.8261,72.7968,51.1159,69.5281,-30.5694,20.7077,-56.2282,18.7144,-14.052,9.52133,-40.1486,24.1407,-65.7597,43.0202,-102.389,24.5666,-11.347635,14.294,4.2564316,8.6197,-13.753777,13.29,-10.255095,7.782,2.5773447,9.6096,-20.447197,11.781,-5.5060635,17.341,-6.3851647,10.26,-5.7092648,5.8331,12.430061,9.0635,7.659874,6.2099,-12.395748,14.201,33.968212,16.075,32.8812,13.827,9.67804,9.0481,-12.848986,5.3318,-32.59498,16.949,-36.0466,6.5086,-13.3377695,5.58,80.44074,7.3862,98.15758,9.3168,70.21238,8.2516,12.947397,5.5354,20.116777,8.2532,-15.549635,8.1045,25.16696,11.738,29.7341,17.967,-16.44547,66.01,201.02718,26.516,214.32059,82.574
2009-08-15 07:12:11.250,-683.3754,48.7392,-97.5281,56.3923,-8.92955,27.348,-105.498,14.2378,-107.518,14.9123,-11.8823,13.4422,-114.385,26.872,-66.4348,16.0148,-156.862,28.0985,-43.93305,14.294,-2.3462977,8.6197,-11.784835,13.29,-12.258859,7.782,1.9391329,9.6096,7.7848964,11.781,-38.796604,17.341,3.208247,10.26,16.100147,5.8331,4.4325085,9.0635,-8.501162,6.2099,7.654322,14.201,100.45668,16.075,26.6892,13.827,-4.88036,9.0481,-8.848421,5.3318,-17.634035,16.949,-30.8306,6.5086,-7.7285457,5.58,63.71039,7.3862,102.14063,9.3168,65.58743,8.2516,7.1633034,5.5354,7.267835,8.2532,-8.055047,8.1045,-2.99464,11.738,-3.7818518,17.967,63.215706,66.01,156.11424,26.516,215.54411,82.574
2009-09-17 03:35:37.500,-720.5375,60.2464,-122.169,57.6071,14.4139,40.7611,-115.768,28.3309,-149.193,16.4918,-56.3408,11.5275,-54.6248,39.4236,-56.5332,19.2312,-164.791,26.1108,-12.010452,14.294,-6.524605,8.6197,7.031762,13.29,-18.645119,7.782,14.182462,9.6096,-17.612476,11.781,-15.0452385,17.341,-3.5,10.26,-2.7360475,5.8331,19.136047,9.0635,-0.05190476,6.2099,15.602476,14.201,99.69119,16.075,1.1891905,13.827,-7.411286,9.0481,-4.7010713,5.3318,-6.663,16.949,-31.747477,6.5086,6.0489383,5.58,62.40505,7.3862,82.419235,9.3168,70.276,8.2516,6.6366143,5.5354,20.00959,8.2532,-11.534862,8.1045,6.239333,11.738,14.713772,17.967,73.93985,66.01,184.03,26.516,272.6838,82.574
2009-10-16 08:24:22.500,-711.78033,72.8502,-111.024,76.0164,22.0535,38.0485,-115.329,27.1847,-147.914,16.3649,-83.8653,23.4407,-49.6865,49.5212,-59.4448,19.0246,-150.636,27.8443,-7.0195,14.294,5.8213,8.6197,-17.085,13.29,-1.5875,7.782,-3.5883,9.6096,-15.762,11.781,-36.65,17.341,-6.554,10.26,13.363,5.8331,12.717,9.0635,-10.116,6.2099,15.512,14.201,91.715,16.075,-24.263,13.827,10.675,9.0481,-4.0465,5.3318,-21.815,16.949,-42.077,6.5086,5.6857,5.58,62.186,7.3862,70.384,9.3168,64.736,8.2516,6.3369,5.5354,8.9814,8.2532,-3.3521,8.1045,-12.04,11.738,-6.4108,17.967,8.3368,66.01,160.23,26.516,162.16,82.574
2009-11-18 04:47:48.750,-722.1545,69.7262,-127.889,69.0067,50.4675,72.4301,-87.5842,18.7173,-114.418,17.4401,-99.7315,31.21,-75.8513,42.6424,-83.8511,19.7646,-166.35,32.7244,-8.395958,14.294,7.9398,8.6197,-4.5871835,13.29,-8.46555,7.782,-2.907625,9.6096,-4.2847085,11.781,-8.733525,17.341,-8.228625,10.26,4.6169653,5.8331,1.5160792,9.0635,-6.3229,6.2099,25.879992,14.201,75.464165,16.075,-20.454834,13.827,9.416592,9.0481,-0.45648083,5.3318,-1.7692075,16.949,-36.66075,6.5086,7.5172415,5.58,64.71575,7.3862,63.347668,9.3168,67.04125,8.2516,10.956317,5.5354,13.340667,8.2532,-1.5744166,8.1045,13.935625,11.738,25.701916,17.967,58.62275,66.01,168.5225,26.516,252.84459,82.574
2009-12-17 09:35:37.500,-553.83887,177.835,-99.2959,76.9439,31.6694,47.1779,-93.3813,16.0837,-73.6411,21.358,-30.9432,11.6152,-42.5763,44.2598,-76.6371,20.0517,-158.147,29.6775,-44.740364,14.294,1.7217565,8.6197,-26.70233,13.29,-11.807918,7.782,-16.751894,9.6096,-15.356016,11.781,4.142565,17.341,-19.178701,10.26,0.16016339,5.8331,-0.15707059,9.0635,-3.7176964,6.2099,-1.5363188,14.201,73.48144,16.075,-41.506176,13.827,5.452753,9.0481,1.3421035,5.3318,-25.089376,16.949,-25.429752,6.5086,0.6342282,5.58,57.44946,7.3862,63.35234,9.3168,59.116013,8.2516,4.086906,5.5354,13.525798,8.2532,-7.016135,8.1045,6.8964143,11.738,13.406559,17.967,-75.50247,66.01,114.46642,26.516,52.372353,82.574
2010-01-15 14:24:22.500,-566.1642,102.159,-123.112,77.9822,55.3495,87.1547,-101.001,32.8411,-65.183,28.6102,-50.7171,17.6885,-39.366,43.7582,-68.7373,21.8802,-157.449,37.0436,-42.563423,14.294,-4.7247376,8.6197,-41.804447,13.29,-13.832388,7.782,-12.189071,9.6096,-2.8231223,11.781,-21.002377,17.341,-0.79740244,10.26,3.4076138,5.8331,-1.7069529,9.0635,-15.733603,6.2099,-7.222154,14.201,29.066376,16.075,-26.230883,13.827,-3.1538353,9.0481,-8.097802,5.3318,-63.926083,16.949,-21.103165,6.5086,-16.605019,5.58,42.981693,7.3862,61.228107,9.3168,24.28966,8.2516,-3.1902707,5.5354,2.4270682,8.2532,-7.3930764,8.1045,3.8007905,11.738,-1.1652058,17.967,-190.76836,66.01,45.037716,26.516,-146.89824,82.574
2010-02-13 19:12:11.250,-573.9183,116.664,-122.755,70.9613,18.654,43.8093,-70.5534,18.0477,-107.625,19.0458,-48.9333,16.3,3.78267,71.3118,-70.8901,22.835,-161.143,32.6798,-43.887962,14.294,-0.5146933,8.6197,-2.606437,13.29,-9.164866,7.782,-9.716992,9.6096,23.250229,11.781,-31.70263,17.341,2.7010195,10.26,-1.4382963,5.8331,-1.7153667,9.0635,-10.76563,6.2099,9.466656,14.201,50.830223,16.075,-14.360852,13.827,1.7128445,9.0481,-2.571911,5.3318,-18.21063,16.949,-20.656036,6.5086,-5.071089,5.58,41.259335,7.3862,30.308186,9.3168,32.141518,8.2516,0.20577556,5.5354,-20.71268,8.2532,5.0039296,8.1045,-6.6070743,11.738,-22.3165,17.967,-14.807748,66.01,34.29926,26.516,-2.824311,82.574
2010-03-18 15:35:37.500,-585.22174,62.8674,-119.112,88.0776,7.14452,36.9027,-91.9481,37.6337,-89.0578,17.6015,-21.4862,16.9192,-26.7312,70.8911,-45.4259,38.8828,-181.077,44.1884,-12.649723,14.294,-0.57412493,8.6197,14.329699,13.29,-9.598048,7.782,7.880453,9.6096,-1.7179217,11.781,16.793354,17.341,-21.062553,10.26,-2.447629,5.8331,2.8147,9.0635,0.49524638,6.2099,-6.8951697,14.201,83.126076,16.075,-12.708562,13.827,-18.584976,9.0481,16.481926,5.3318,-2.839741,16.949,-19.825205,6.5086,2.0774903,5.58,40.17864,7.3862,32.930458,9.3168,34.799072,8.2516,1.6428024,5.5354,-7.9561954,8.2532,2.6882663,8.1045,-4.284876,11.738,-9.553205,17.967,65.49295,66.01,79.15394,26.516,135.09204,82.574
2010-04-16 20:24:22.500,-645.06805,73.8324,-138.092,74.6378,40.1049,53.3921,-65.0151,19.1041,-103.427,17.932,-80.8557,34.7738,-34.4052,51.0468,-75.0289,20.7707,-169.156,32.0146,-17.393072,14.294,-5.0743036,8.6197,14.461593,13.29,-11.277214,7.782,19.960773,9.6096,-4.1537786,11.781,5.223207,17.341,-15.833257,10.26,-11.07675,5.8331,0.93091786,9.0635,-2.0370543,6.2099,-17.23525,14.201,66.065575,16.075,2.2065108,13.827,-12.214822,9.0481,7.676637,5.3318,3.9652858,16.949,-14.349286,6.5086,4.800818,5.58,44.661606,7.3862,34.595177,9.3168,36.849358,8.2516,-2.5970678,5.5354,13.926836,8.2532,-1.0027572,8.1045,28.135532,11.738,41.059223,17.967,41.589073,66.01,86.56679,26.516,169.218,82.574
2010-05-16 01:12:11.250,-590.8015,55.8554,-92.5198,66.8929,16.1447,33.5144,-103.129,46.2807,-96.1073,15.4021,-45.486,14.3002,-20.514,59.1004,-55.1281,20.8145,-180.59,40.6478,-45.074978,14.294,-7.5890656,8.6197,-6.215931,13.29,19.250404,7.782,-0.68528426,9.6096,18.36946,11.781,-29.31527,17.341,-2.1334476,10.26,-5.0434165,5.8331,-10.700606,9.0635,-0.16116858,6.2099,-33.268585,14.201,54.614143,16.075,-19.430536,13.827,11.176607,9.0481,-0.5543724,5.3318,-18.107096,16.949,-18.490238,6.5086,-2.3800392,5.58,30.864464,7.3862,26.813274,9.3168,29.89888,8.2516,-4.644211,5.5354,-8.397545,8.2532,5.2330523,8.1045,9.669723,11.738,6.505225,17.967,-29.79569,66.01,16.987738,26.516,-6.302,82.574
2010-06-17 21:35:37.500,-635.47504,68.537,-104.973,76.0524,35.943,62.9139,-97.641,24.3684,-83.5009,22.3896,-23.3297,12.3124,-92.3333,27.6267,-86.9913,24.2428,-170.947,32.9524,-23.278988,14.294,-8.296138,8.6197,14.730373,13.29,0.54846215,7.782,6.135769,9.6096,8.981614,11.781,-59.80135,17.341,11.904903,10.26,9.958349,5.8331,9.448022,9.0635,-9.937204,6.2099,-26.630892,14.201,53.684242,16.075,-8.944179,13.827,-15.670301,9.0481,3.0974205,5.3318,-9.953133,16.949,-17.645807,6.5086,-1.3501518,5.58,14.153524,7.3862,32.779095,9.3168,-2.0668073,8.2516,-9.032844,5.5354,0.6946508,8.2532,6.0780435,8.1045,14.453392,11.738,21.225904,17.967,-20.743698,66.01,-6.4408193,26.516,-5.9592857,82.574
2010-07-17 02:24:22.500,-848.8263,90.9542,-132.18,49.9988,15.4208,35.6807,-116.861,15.3678,-124.29,16.0576,-55.0914,8.26465,-108.67,31.0896,-103.273,15.6277,-208.529,31.068,-22.940966,14.294,-2.1892776,8.6197,24.591917,13.29,4.546686,7.782,13.643115,9.6096,-24.821388,11.781,-2.612186,17.341,-15.803682,10.26,-9.783685,5.8331,12.486659,9.0635,6.8833976,6.2099,-19.266447,14.201,33.219387,16.075,-29.279259,13.827,-11.631331,9.0481,-8.089528,5.3318,-28.040718,16.949,-22.85393,6.5086,-4.937475,5.58,-8.706675,7.3862,7.184012,9.3168,20.497717,8.2516,-9.650136,5.5354,-0.6398174,8.2532,-0.45240948,8.1045,-1.3370764,11.738,-2.4293482,17.967,-56.14505,66.01,-41.406963,26.516,-99.982346,82.574
2010-08-15 07:12:11.250,-1030.1107,80.7402,-139.102,45.9153,6.53156,32.7452,-189.286,20.2925,-172.299,11.479,-80.7816,7.64969,-109.946,28.8889,-109.366,12.5446,-218.165,27.6568,-14.419553,14.294,1.1196165,8.6197,42.548622,13.29,0.7741308,7.782,9.007727,9.6096,-25.116919,11.781,5.076379,17.341,-13.990976,10.26,-5.331073,5.8331,4.9130116,9.0635,1.5473036,6.2099,-16.16433,14.201,35.034916,16.075,-27.689611,13.827,-5.8846025,9.0481,-1.6826576,5.3318,2.3305764,16.949,-21.011106,6.5086,3.4835129,5.58,-8.657639,7.3862,16.664482,9.3168,17.846424,8.2516,-5.111595,5.5354,13.709887,8.2532,-16.46551,8.1045,-4.208135,11.738,-6.963278,17.967,6.4928775,66.01,-11.205553,26.516,-11.676278,82.574
2010-09-17 03:35:37.500,-1147.5813,69.243,-127.462,46.6462,8.27686,40.1947,-185.116,18.0624,-165.576,18.6247,-81.5422,8.35281,-221.299,19.4219,-128.48,12.808,-230.748,29.0015,-23.114382,14.294,14.530809,8.6197,35.572144,13.29,15.251429,7.782,-1.4452047,9.6096,-17.334763,11.781,-7.779143,17.341,-9.895352,10.26,-5.9353523,5.8331,12.912357,9.0635,4.3502192,6.2099,-2.3019047,14.201,25.7653,16.075,-29.331238,13.827,5.9620333,9.0481,6.3199334,5.3318,-5.9345713,16.949,-21.281096,6.5086,5.9071426,5.58,2.173919,7.3862,15.958238,9.3168,38.602238,8.2516,8.411428,5.5354,13.894676,8.2532,-1.9886191,8.1045,3.213938,11.738,15.11961,17.967,40.70719,66.01,26.657309,26.516,82.484146,82.574
2010-10-16 08:24:22.500,-1065.4186,84.0296,-129.187,44.6763,10.2517,35.8041,-167.338,19.1884,-175.267,15.2976,-99.7096,7.91463,-143.678,32.7886,-119.889,15.1364,-222.276,27.9732,-17.282,14.294,13.547,8.6197,31.155,13.29,16.76,7.782,2.5107,9.6096,-25.87,11.781,-25.9,17.341,-0.30239,10.26,-8.8464,5.8331,9.6195,9.0635,-4.2514,6.2099,-12.888,14.201,4.2513,16.075,-25.936,13.827,6.1787,9.0481,1.1126,5.3318,-14.47,16.949,-22.063,6.5086,-4.638,5.58,-9.0177,7.3862,15.763,9.3168,32.907,8.2516,11.034,5.5354,6.2082,8.2532,3.365,8.1045,-3.5613,11.738,6.0118,17.967,-33.329,66.01,6.7035,26.516,-20.613,82.574
2010-11-18 04:47:48.750,-1116.0709,50.369,-100.666,44.1834,-12.3003,21.6727,-172.36,17.7099,-180.156,12.5921,-99.1379,12.6244,-195.647,18.413,-116.167,16.562,-224.05,26.8162,-26.101885,14.294,12.916244,8.6197,5.2330127,13.29,16.878706,7.782,-0.9597013,9.6096,-13.3330765,11.781,-7.631482,17.341,6.396336,10.26,-1.5644538,5.8331,1.4927282,9.0635,-7.7951846,6.2099,-0.41084486,14.201,-20.239908,16.075,-44.763153,13.827,5.306578,9.0481,1.8626615,5.3318,-30.303385,16.949,-18.464474,6.5086,-13.63709,5.58,-27.840256,7.3862,-4.3416553,9.3168,16.649406,8.2516,6.6906204,5.5354,20.85538,8.2532,-8.167475,8.1045,4.9771066,11.738,17.664757,17.967,-76.91455,66.01,-67.04462,26.516,-126.29013,82.574
2010-12-13 18:00:00.000,-1054.5654,91.642,-119.278,50.7488,41.2807,49.1689,-174.775,17.9826,-189.162,14.6529,-103.182,11.3865,-141.651,39.5092,-131.123,18.06,-221.343,33.2482,-23.81073,14.294,11.258679,8.6197,13.063141,13.29,14.515757,7.782,6.363286,9.6096,-11.383846,11.781,-14.750302,17.341,13.767694,10.26,-6.9129925,5.8331,6.1540103,9.0635,-9.242031,6.2099,18.369707,14.201,-9.788999,16.075,-54.094692,13.827,-3.9446397,9.0481,-11.526723,5.3318,-49.04723,16.949,-16.419218,6.5086,-17.207987,5.58,-33.10282,7.3862,-27.217207,9.3168,6.6134706,8.2516,18.672825,5.5354,-1.5708257,8.2532,14.387782,8.1045,32.26517,11.738,45.08232,17.967,-87.200066,66.01,-92.47077,26.516,-134.59142,82.574
2011-02-17 10:47:48.750,-1022.3205,129.148,-108.505,66.9976,-18.5914,27.8764,-174.509,24.6586,-175.354,15.1455,-80.881,9.74207,-142.782,55.0447,-102.303,19.4617,-198.831,26.3718,-21.031038,14.294,13.861973,8.6197,29.345978,13.29,15.041621,7.782,-0.20816071,9.6096,-9.209672,11.781,17.302105,17.341,-3.6437237,10.26,-13.0838585,5.8331,10.829752,9.0635,-2.463257,6.2099,6.0911818,14.201,-9.769131,16.075,-19.772467,13.827,0.15315686,9.0481,-1.4374006,5.3318,-38.901527,16.949,-16.60244,6.5086,-24.50555,5.58,-57.917374,7.3862,-34.612534,9.3168,-19.120113,8.2516,-3.71836,5.5354,1.5501242,8.2532,-5.6035495,8.1045,4.2687473,11.738,0.21532528,17.967,-5.8636427,66.01,-177.51083,26.516,-183.15802,82.574
2011-03-18 15:35:37.500,-1089.8391,42.9411,-114.634,45.5342,18.9176,33.3171,-168.159,21.1903,-210.177,13.8342,-113.773,16.538,-134.98,38.0777,-113.236,14.0872,-232.335,30.8742,-30.365602,14.294,10.924754,8.6197,27.17647,13.29,17.993551,7.782,-12.74248,9.6096,-14.147193,11.781,47.61153,17.341,-8.47771,10.26,-2.8085446,5.8331,-4.260998,9.0635,3.6716013,6.2099,-16.997477,14.201,-15.2888365,16.075,-7.938466,13.827,-2.4795048,9.0481,-6.5622797,5.3318,-33.298336,16.949,-13.361933,6.5086,-23.594313,5.58,-65.358986,7.3862,-36.336506,9.3168,-24.832867,8.2516,-1.06322,5.5354,-7.407517,8.2532,-7.435388,8.1045,-3.4610157,11.738,-18.303965,17.967,-17.622759,66.01,-194.91264,26.516,-230.84302,82.574
2011-04-16 20:24:22.500,-1050.1097,79.1976,-126.446,43.6304,17.0108,36.6367,-179.49,26.6242,-156.167,21.3369,-68.0326,7.60951,-178.954,20.0849,-111.739,15.067,-224.732,20.584,-25.34768,14.294,4.438543,8.6197,28.955856,13.29,10.114039,7.782,-0.77204144,9.6096,14.546214,11.781,29.232857,17.341,9.392311,10.26,0.20664285,5.8331,0.7324111,9.0635,-4.9099216,6.2099,8.043725,14.201,2.3956678,16.075,-19.633986,13.827,-3.5933213,9.0481,8.13341,5.3318,-30.552357,16.949,-9.120585,6.5086,-17.872107,5.58,-60.614216,7.3862,-53.753857,9.3168,-37.481716,8.2516,-1.0212579,5.5354,1.1796857,8.2532,4.238189,8.1045,17.1445,11.738,22.561821,17.967,56.73082,66.01,-205.21465,26.516,-125.92118,82.574
2011-05-16 01:12:11.250,-1035.3402,49.5076,-116.153,39.4064,11.3761,31.1212,-155.963,27.7181,-149.375,25.5096,-82.4526,8.97003,-183.608,16.5176,-110.367,16.8567,-230.331,28.4073,-30.27244,14.294,18.410353,8.6197,19.778715,13.29,18.827087,7.782,1.7063205,9.6096,27.565262,11.781,47.495716,17.341,-3.3114035,10.26,-5.9895477,5.8331,8.4305725,9.0635,6.660174,6.2099,4.5323915,14.201,13.637477,16.075,-0.46026155,13.827,-8.927226,9.0481,2.3150299,5.3318,-19.495214,16.949,-5.5522046,6.5086,-14.381631,5.58,-74.05993,7.3862,-62.20338,9.3168,-48.007427,8.2516,-4.994534,5.5354,-4.039362,8.2532,5.5445704,8.1045,11.237833,11.738,12.743726,17.967,131.1794,66.01,-239.47179,26.516,-95.552605,82.574
2011-07-20 18:00:00.000,-1331.1272,75.0732,-154.573,43.4554,24.274,48.6245,-198.124,24.4432,-188.134,21.8512,-116.044,17.0165,-261.446,28.5952,-144.118,15.4381,-270.2,36.6186,-35.7055,14.294,5.9685187,8.6197,28.538256,13.29,12.417151,7.782,19.744888,9.6096,48.683926,11.781,55.55205,17.341,16.76404,10.26,-1.8801925,5.8331,7.216879,9.0635,4.0596495,6.2099,35.968925,14.201,-37.8191,16.075,-8.431674,13.827,14.631453,9.0481,-1.2308638,5.3318,-3.8833525,16.949,-1.73247,6.5086,-6.8119273,5.58,-71.834816,7.3862,-69.140724,9.3168,-53.0614,8.2516,-6.5860662,5.5354,-15.915913,8.2532,-1.97783,8.1045,-9.436145,11.738,-27.329887,17.967,196.30174,66.01,-244.87013,26.516,-75.901825,82.574
2011-08-15 07:12:11.250,-1363.9208,86.8576,-170.862,44.6354,19.8299,39.7305,-206.591,26.4001,-182.171,27.3558,-86.3525,8.00953,-265.131,17.001,-169.321,15.8599,-283.329,29.949,-35.1805,14.294,12.508706,8.6197,9.910819,13.29,6.598664,7.782,19.843763,9.6096,47.023174,11.781,58.99255,17.341,-2.92556,10.26,-1.7351176,5.8331,21.154667,9.0635,-0.4078555,6.2099,50.758175,14.201,-33.3601,16.075,-22.795412,13.827,-6.0040226,9.0481,8.207499,5.3318,-21.152878,16.949,-1.57917,6.5086,-14.087202,5.58,-69.922935,7.3862,-60.577976,9.3168,-58.0454,8.2516,-7.7777286,5.5354,-10.315038,8.2532,-10.81813,8.1045,-30.515594,11.738,-51.64876,17.967,146.61925,66.01,-247.17137,26.516,-152.20007,82.574
2011-09-17 03:35:37.500,-1584.4065,72.1806,-174.689,42.4487,10.1925,45.2651,-249.686,25.0351,-198.421,27.363,-154.167,16.7699,-329.976,34.605,-180.194,12.3457,-281.808,27.7791,-32.690475,14.294,14.876034,8.6197,26.052713,13.29,3.7984762,7.782,21.348143,9.6096,30.70262,11.781,74.224045,17.341,-0.3552524,10.26,-4.305355,5.8331,21.440287,9.0635,11.60761,6.2099,49.958,14.201,-32.55995,16.075,-23.595667,13.827,3.9245994,9.0481,0.61705524,5.3318,-0.8770476,16.949,4.7772,6.5086,-13.309329,5.58,-73.29538,7.3862,-58.859333,9.3168,-49.389523,8.2516,-6.9970474,5.5354,-8.257905,8.2532,-6.0541334,8.1045,-18.45457,11.738,-32.767475,17.967,196.85762,66.01,-229.75952,26.516,-65.67505,82.574
2011-10-16 08:24:22.500,-1577.0359,38.5638,-182.773,46.1542,-0.281106,43.6911,-243.354,26.9018,-246.984,16.3945,-164.752,15.5712,-257.434,32.2396,-171.041,12.3823,-280.857,25.1634,-24.9,14.294,8.7367,8.6197,41.547,13.29,26.092,7.782,12.711,9.6096,44.835,11.781,44.445,17.341,6.7559,10.26,-0.28246,5.8331,23.126,9.0635,2.3998,6.2099,51.378,14.201,-33.059,16.075,-17.069,13.827,-0.61141,9.0481,12.128,5.3318,28.68,16.949,6.4992,6.5086,-3.9559,5.58,-62.103,7.3862,-64.666,9.3168,-63.24,8.2516,-11.186,5.5354,-29.894,8.2532,-1.3568,8.1045,-27.546,11.738,-58.797,17.967,251.81,66.01,-223.55,26.516,-30.536,82.574
2011-10-30 22:47:48.750,-1557.8417,40.4551,-178.732,43.6528,-3.99471,39.0435,-227.918,21.0837,-261.885,13.1468,-174.985,15.1577,-244.949,32.5674,-161.339,14.484,-275.788,23.8567,-13.241464,14.294,9.623724,8.6197,32.104073,13.29,37.412,7.782,9.817829,9.6096,34.073048,11.781,80.69963,17.341,-5.0361977,10.26,-0.18472342,5.8331,27.718195,9.0635,10.55219,6.2099,45.79166,14.201,-35.324368,16.075,-8.951536,13.827,0.5368729,9.0481,13.488,5.3318,29.116098,16.949,7.1989074,6.5086,-5.939217,5.58,-63.524464,7.3862,-81.335266,9.3168,-65.32195,8.2516,-11.418195,5.5354,-23.635464,8.2532,-2.160605,8.1045,-16.231853,11.738,-42.02822,17.967,281.43927,66.01,-233.57927,26.516,5.8252683,82.574
2011-12-28 08:24:22.500,-1488.6687,78.7973,-183.453,42.4405,14.4483,39.7021,-221.581,12.7797,-250.861,12.144,-116.611,8.69043,-210.883,32.6394,-182.256,13.984,-311.263,29.4177,-43.705296,14.294,9.342511,8.6197,28.88152,13.29,26.602816,7.782,1.9682444,9.6096,72.026886,11.781,51.418446,17.341,23.104633,10.26,6.3369927,5.8331,15.17837,9.0635,4.835933,6.2099,-2.4114258,14.201,-41.097073,16.075,3.3813221,13.827,-4.816063,9.0481,8.334563,5.3318,20.914852,16.949,12.95626,6.5086,-24.22311,5.58,-85.32022,7.3862,-75.43889,9.3168,-89.344,8.2516,-15.811481,5.5354,-28.951889,8.2532,8.241104,8.1045,6.758974,11.738,-13.95163,17.967,224.00667,66.01,-320.88187,26.516,-110.834595,82.574
2012-01-15 15:21:33.750,-1502.7943,61.811,-200.651,39.0628,10.389,37.0813,-229.618,21.7469,-229.671,16.4423,-94.8966,10.4808,-239.758,28.1699,-180.052,12.2376,-309.567,25.2712,-38.012703,14.294,21.99779,8.6197,46.719482,13.29,28.398186,7.782,-2.9606445,9.6096,60.47411,11.781,85.97955,17.341,6.670467,10.26,3.1143074,5.8331,30.93763,9.0635,9.581767,6.2099,3.3354259,14.201,-30.298925,16.075,2.579378,13.827,-5.360137,9.0481,12.843637,5.3318,38.161148,16.949,14.087741,6.5086,-14.325889,5.58,-81.700775,7.3862,-81.861115,9.3168,-85.519,8.2516,-16.848518,5.5354,-27.699112,8.2532,-1.5063037,8.1045,-7.4866743,11.738,-36.69237,17.967,312.17334,66.01,-304.17816,26.516,-28.699408,82.574
2012-02-17 13:55:18.750,-1515.1221,42.5052,-182.494,39.4564,32.6507,41.3319,-229.276,20.0018,-208.835,21.5516,-111.811,7.46273,-277.759,19.5039,-184.748,11.242,-324.43,24.8198,-28.818914,14.294,6.314878,8.6197,31.856524,13.29,21.838146,7.782,8.821132,9.6096,68.14949,11.781,53.44683,17.341,11.265146,10.26,1.7293744,5.8331,19.167877,9.0635,-2.901411,6.2099,-6.1539574,14.201,-14.552817,16.075,10.166293,13.827,-37.367104,9.0481,5.298489,5.3318,35.139877,16.949,16.35594,6.5086,-11.728842,5.58,-75.88188,7.3862,-80.916245,9.3168,-111.45232,8.2516,-27.634731,5.5354,-24.306988,8.2532,-6.422779,8.1045,-16.258707,11.738,-46.988243,17.967,212.21768,66.01,-320.08255,26.516,-154.84573,82.574
2012-03-17 20:38:26.250,-1424.2825,80.5501,-173.367,46.3597,12.2937,34.7321,-184.222,21.9343,-201.77,19.5017,-116.141,14.3037,-265.905,20.5297,-169.16,17.0216,-299.297,22.2027,-39.18686,14.294,2.202282,8.6197,32.08914,13.29,33.80304,7.782,3.334726,9.6096,54.02768,11.781,100.5502,17.341,-4.66495,10.26,2.542686,5.8331,14.01358,9.0635,4.199734,6.2099,-3.008912,14.201,-35.62318,16.075,-12.719032,13.827,3.743654,9.0481,-1.4543062,5.3318,27.78502,16.949,21.23312,6.5086,-13.60694,5.58,-78.33836,7.3862,-97.26118,9.3168,-110.5834,8.2516,-27.66476,5.5354,-37.69472,8.2532,-8.467212,8.1045,-21.769,11.738,-67.93022,17.967,220.822,66.01,-345.4066,26.516,-192.517,82.574
2012-04-05 03:50:37.500,-1447.0365,61.387,-171.71,79.206,16.9077,56.9909,-210.599,51.4351,-233.526,15.5037,-76.2209,17.486,-275.026,23.3811,-163.11,24.5344,-306.512,45.9136,-33.403545,14.294,5.432651,8.6197,33.05104,13.29,33.39619,7.782,2.609135,9.6096,49.10738,11.781,107.46143,17.341,-6.1797414,10.26,2.633476,5.8331,11.73496,9.0635,6.6007233,6.2099,7.112959,14.201,-33.71624,16.075,-6.427957,13.827,-20.842146,9.0481,-0.19644146,5.3318,27.340734,16.949,17.99814,6.5086,-7.0399137,5.58,-81.84817,7.3862,-110.70565,9.3168,-113.35145,8.2516,-21.86406,5.5354,-36.758476,8.2532,-4.0930667,8.1045,-31.537905,11.738,-72.38855,17.967,219.1178,66.01,-350.2009,26.516,-203.4765,82.574
2012-06-17 08:38:26.250,-1418.9967,210.218,-188.535,210.347,35.2948,140.787,-196.521,71.2321,-195.145,70.0668,-67.855,38.7832,-287.209,78.2882,-179.526,70.5132,-316.326,132.877,-13.093535,14.294,-12.378143,8.6197,39.457214,13.29,40.680286,7.782,3.3204036,9.6096,81.63989,11.781,57.283142,17.341,14.280286,10.26,-0.33719876,5.8331,14.237357,9.0635,-8.078532,6.2099,-2.8186285,14.201,-13.971857,16.075,1.1233864,13.827,-13.092636,9.0481,13.785286,5.3318,37.018322,16.949,15.607179,6.5086,-1.6521893,5.58,-80.105644,7.3862,-104.5525,9.3168,-116.535355,8.2516,-17.400015,5.5354,-33.524036,8.2532,1.1183443,8.1045,-22.432035,11.738,-54.83707,17.967,252.14679,66.01,-317.73465,26.516,-120.420395,82.574
2012-07-16 15:21:33.750,-1506.6594,739.841,-193.655,671.111,41.6846,438.565,-257.154,165.141,-257.838,202.269,-86.866,92.0076,-229.547,265.524,-190.066,235.138,-310.762,450.277,-20.387821,14.294,11.644714,8.6197,38.609596,13.29,15.701238,7.782,28.880499,9.6096,64.19704,11.781,65.04695,17.341,15.007905,10.26,-11.219965,5.8331,26.753548,9.0635,11.419277,6.2099,39.90594,14.201,-33.381382,16.075,21.702759,13.827,-2.3095882,9.0481,8.166238,5.3318,31.13356,16.949,23.398607,6.5086,1.7800964,5.58,-70.12279,7.3862,-105.68584,9.3168,-111.34488,8.2516,-8.573729,5.5354,-42.751656,8.2532,10.798992,8.1045,-38.939655,11.738,-70.89231,17.967,331.26108,66.01,-290.9251,26.516,-30.564203,82.574
2012-08-18 13:55:18.750,-1985.2086,40.1152,-212.22,42.0325,-6.8831,37.6339,-331.486,28.998,-257.44,21.0098,-169.203,14.1709,-385.856,17.2378,-225.004,15.5098,-366.814,28.2494,-13.569947,14.294,5.162361,8.6197,42.372684,13.29,36.31005,7.782,24.756052,9.6096,63.284054,11.781,80.41827,17.341,3.5944316,10.26,-6.7938104,5.8331,20.372368,9.0635,12.499,6.2099,9.12541,14.201,20.821789,16.075,7.496147,13.827,-20.25379,9.0481,10.100842,5.3318,38.28142,16.949,22.22221,6.5086,-6.2663107,5.58,-92.25748,7.3862,-112.7721,9.3168,-117.55211,8.2516,-23.766737,5.5354,-32.909737,8.2532,-9.458263,8.1045,-34.200527,11.738,-76.56831,17.967,347.54843,66.01,-343.96,26.516,-72.98558,82.574
2012-09-13 04:47:48.750,-2099.2585,61.3018,-233.284,45.0776,-10.6387,39.9245,-347.135,26.4716,-318.547,23.7736,-185.298,16.6495,-388.279,21.8832,-232.173,12.6476,-352.185,30.5823,-11.679027,14.294,1.0001795,8.6197,45.23716,13.29,26.720974,7.782,29.866974,9.6096,73.31248,11.781,77.58787,17.341,8.367234,10.26,2.3322554,5.8331,11.033815,9.0635,11.449,6.2099,28.302095,14.201,15.270605,16.075,19.965727,13.827,-14.912605,9.0481,4.9530787,5.3318,47.45879,16.949,25.498394,6.5086,-3.7412448,5.58,-107.10577,7.3862,-125.058945,9.3168,-140.86395,8.2516,-30.184631,5.5354,-30.21013,8.2532,-19.21037,8.1045,-50.379738,11.738,-99.79634,17.967,387.9458,66.01,-393.135,26.516,-104.98571,82.574
2012-11-18 01:55:18.750,-1977.4048,73.74,-221.581,43.064,23.1039,39.8499,-337.752,22.7823,-282.97,22.5136,-140.551,7.67137,-416.28,32.8538,-215.167,26.0507,-358.294,30.1154,-21.474989,14.294,-4.2258253,8.6197,33.637875,13.29,35.53877,7.782,25.656425,9.6096,79.96864,11.781,93.356865,17.341,-8.5642395,10.26,-10.021398,5.8331,4.367949,9.0635,7.033021,6.2099,13.583303,14.201,-46.56746,16.075,8.661819,13.827,8.360528,9.0481,1.1043867,5.3318,12.541906,16.949,27.22547,6.5086,-14.837764,5.58,-109.93939,7.3862,-153.77199,9.3168,-143.12315,8.2516,-33.10684,5.5354,-34.44335,8.2532,-16.530857,8.1045,-34.01264,11.738,-84.986786,17.967,254.42972,66.01,-449.03162,26.516,-279.5926,82.574
2012-12-17 08:38:26.250,-1932.6523,60.966,-224.161,39.9586,11.9163,37.4861,-333.807,22.182,-290.669,23.2247,-133.202,9.03467,-369.033,17.0257,-221.021,13.2664,-344.981,24.9528,-31.745,14.294,5.115,8.6197,53.372,13.29,26.973,7.782,43.761,9.6096,99.139,11.781,94.839,17.341,-11.462,10.26,-22.973,5.8331,12.914,9.0635,18.534,6.2099,17.146,14.201,-15.984,16.075,9.694,13.827,-0.47303,9.0481,5.1097,5.3318,50.381,16.949,33.65,6.5086,-5.3404,5.58,-96.798,7.3862,-160.53,9.3168,-132.39,8.2516,-27.713,5.5354,-56.776,8.2532,-1.0389,8.1045,-37.803,11.738,-95.618,17.967,386.08,66.01,-420.87,26.516,-130.41,82.574
2013-01-15 14:24:22.500,-1929.6605,61.5392,-218.468,36.1205,5.51776,32.0149,-337.444,21.2867,-263.805,20.3957,-147.749,7.68033,-348.642,26.7273,-225.548,13.1894,-361.983,24.9952,-40.686462,14.294,-15.292805,8.6197,40.29005,13.29,31.532024,7.782,24.754171,9.6096,86.82095,11.781,57.399,17.341,18.763367,10.26,-1.9756341,5.8331,1.3833659,9.0635,-8.316049,6.2099,5.458878,14.201,-31.044487,16.075,-7.153122,13.827,-5.9950495,9.0481,6.417017,5.3318,35.297096,16.949,29.919268,6.5086,-7.6804,5.58,-106.80971,7.3862,-162.19829,9.3168,-160.95586,8.2516,-35.49349,5.5354,-70.890144,8.2532,2.0866609,8.1045,-56.275196,11.738,-125.07361,17.967,238.34341,66.01,-483.90414,26.516,-370.64413,82.574
2013-02-13 19:12:11.250,-1986.225,37.7789,-211.139,39.3112,-25.4071,25.734,-334.161,22.066,-277.728,21.8423,-180.977,12.7207,-329.488,27.3243,-214.907,27.5619,-380.034,25.983,-57.271,14.294,-12.354,8.6197,42.673,13.29,24.989,7.782,33.807,9.6096,75.266,11.781,63.796,17.341,6.9702,10.26,-1.2066,5.8331,3.645,9.0635,3.7319,6.2099,-4.8286,14.201,-33.907,16.075,-16.75,13.827,-10.222,9.0481,2.6335,5.3318,59.895,16.949,30.619,6.5086,2.4311,5.58,-115.91,7.3862,-182.92,9.3168,-164.71,8.2516,-49.467,5.5354,-68.95,8.2532,-8.9476,8.1045,-65.584,11.738,-143.48,17.967,238.14,66.01,-537.22,26.516,-442.57,82.574
2013-04-20 12:00:00.000,-1931.3445,79.229,-222.57,48.3635,8.26455,41.3132,-328.175,24.6222,-210.801,26.2621,-117.173,9.67901,-413.451,36.9024,-237.803,13.04,-382.188,31.2977,-24.316082,14.294,-16.451237,8.6197,73.20836,13.29,45.689,7.782,6.7862153,9.6096,85.66523,11.781,84.13302,17.341,28.021051,10.26,3.8970463,5.8331,5.6965027,9.0635,-3.7297463,6.2099,-18.08038,14.201,-62.778603,16.075,4.94358,13.827,1.6580994,9.0481,10.158196,5.3318,48.391907,16.949,36.016018,6.5086,-4.2118945,5.58,-122.92105,7.3862,-168.4305,9.3168,-166.65916,8.2516,-32.9249,5.5354,-62.409336,8.2532,0.6128066,8.1045,-49.216927,11.738,-111.01038,17.967,297.21182,66.01,-483.44873,26.516,-297.2573,82.574
2013-05-16 01:12:11.250,-1880.1183,65.009,-216.309,37.954,7.93532,36.0085,-301.699,20.8206,-235.211,20.4843,-111.535,7.91561,-372.972,16.5287,-231.964,11.5789,-389.554,26.765,-42.117355,14.294,-9.339301,8.6197,41.6932,13.29,34.723587,7.782,25.325144,9.6096,89.077385,11.781,51.637585,17.341,23.838314,10.26,-5.4931984,5.8331,2.986047,9.0635,1.10779,6.2099,-9.4048,14.201,-49.595387,16.075,-5.0270514,13.827,-6.116764,9.0481,8.204323,5.3318,32.0716,16.949,38.599,6.5086,-7.930837,5.58,-116.29657,7.3862,-169.76942,9.3168,-171.776,8.2516,-27.6511,5.5354,-64.36513,8.2532,10.929256,8.1045,-29.21753,11.738,-82.65336,17.967,225.69128,66.01,-496.94016,26.516,-353.9073,82.574
2013-06-17 21:35:37.500,-1844.5472,65.6708,-195.471,36.3329,-8.20325,37.2748,-313.166,23.7378,-258.956,22.9107,-133.95,9.61151,-333.424,21.2843,-216.262,17.6166,-357.773,25.1844,-26.365734,14.294,-11.62609,8.6197,39.895542,13.29,32.79377,7.782,57.49095,9.6096,76.67158,11.781,43.167133,17.341,38.499866,10.26,2.1395216,5.8331,3.644029,9.0635,-10.122915,6.2099,-12.260849,14.201,-40.30353,16.075,-12.390627,13.827,-12.091139,9.0481,7.83027,5.3318,-3.597776,16.949,35.55135,6.5086,-20.908133,5.58,-127.1547,7.3862,-179.70747,9.3168,-186.21313,8.2516,-34.41794,5.5354,-55.96736,8.2532,3.015914,8.1045,-38.60306,11.738,-91.55427,17.967,199.73952,66.01,-539.2119,26.516,-431.02386,82.574
2013-07-17 02:24:22.500,-2025.0839,49.697,-207.658,38.8397,-35.0538,26.5598,-340.746,22.1152,-281.436,18.1518,-132.364,8.43009,-370.223,17.2406,-236.724,27.1612,-390.637,25.1022,-17.346024,14.294,-8.040658,8.6197,82.59325,13.29,55.845413,7.782,48.812134,9.6096,79.72139,11.781,82.26785,17.341,30.584278,10.26,-2.425704,5.8331,17.477777,9.0635,1.1068524,6.2099,2.5001152,14.201,-48.634293,16.075,-11.719263,13.827,9.019942,9.0481,16.167128,5.3318,62.346928,16.949,35.032642,6.5086,-8.49058,5.58,-143.3308,7.3862,-195.73611,9.3168,-189.81882,8.2516,-40.083588,5.5354,-64.01349,8.2532,-1.0956726,8.1045,-47.23766,11.738,-112.345955,17.967,417.6257,66.01,-559.77216,26.516,-254.4923,82.574
2013-10-16 08:24:22.500,-2112.8162,40.5929,-216.607,35.4141,13.7474,32.1518,-402.625,20.8932,-287.948,19.9085,-154.449,8.87465,-407.553,18.0157,-226.522,24.3495,-397.812,23.9262,-42.849,14.294,9.3646,8.6197,56.249,13.29,36.147,7.782,59.954,9.6096,81.52,11.781,59.499,17.341,22.244,10.26,3.2988,5.8331,12.7,9.0635,2.6134,6.2099,16.277,14.201,-32.046,16.075,-2.6271,13.827,-1.8748,9.0481,16.058,5.3318,53.963,16.949,43.613,6.5086,-16.038,5.58,-167.18,7.3862,-215.25,9.3168,-185.92,8.2516,-46.407,5.5354,-64.825,8.2532,-16.066,8.1045,-73.445,11.738,-154.34,17.967,393.34,66.01,-630.04,26.516,-391.03,82.574
2013-11-18 04:47:48.750,-2100.093,58.2458,-197.098,37.2443,-2.49919,28.8958,-361.506,20.4896,-309.348,19.437,-161.737,10.6431,-391.174,16.6821,-241.896,25.6344,-405.158,24.9667,-21.951166,14.294,7.7917914,8.6197,68.56409,13.29,57.402584,7.782,57.927166,9.6096,103.526665,11.781,81.643,17.341,23.56025,10.26,11.443666,5.8331,6.0636835,9.0635,4.7459416,6.2099,14.971025,14.201,-69.22725,16.075,-15.86975,13.827,-6.99335,9.0481,10.398925,5.3318,60.048084,16.949,37.53158,6.5086,-12.801833,5.58,-165.74417,7.3862,-218.5125,9.3168,-202.72166,8.2516,-49.773,5.5354,-66.29608,8.2532,-13.062083,8.1045,-62.93725,11.738,-142.2975,17.967,415.99335,66.01,-633.9658,26.516,-360.27,82.574
2013-12-17 09:35:37.500,-2069.0986,45.5888,-219.481,48.2408,-0.0451813,35.8085,-367.832,28.6081,-319.067,18.25,-136.734,9.27557,-358.664,26.9645,-227.268,33.3118,-402.451,35.3568,-38.94337,14.294,-9.756212,8.6197,57.031662,13.29,46.88134,7.782,49.26863,9.6096,114.0226,11.781,63.947353,17.341,24.402046,10.26,9.109314,5.8331,-2.6281078,9.0635,-7.020751,6.2099,-2.91836,14.201,-73.472305,16.075,-17.325338,13.827,8.217462,9.0481,4.9925876,5.3318,40.754032,16.949,44.62851,6.5086,-21.995293,5.58,-172.71954,7.3862,-224.6983,9.3168,-220.30354,8.2516,-46.812046,5.5354,-86.51626,8.2532,-6.098492,8.1045,-85.830444,11.738,-178.44815,17.967,305.50723,66.01,-680.8483,26.516,-553.78876,82.574
2014-01-08 07:12:11.250,-2047.0331,87.9918,-195.893,105.154,1.82363,75.1435,-355.576,71.9174,-270.662,57.4451,-140.688,17.8682,-430.052,57.568,-229.874,57.2204,-400.528,84.765,-48.310753,14.294,-12.322458,8.6197,38.22489,13.29,42.46811,7.782,67.02125,9.6096,84.8746,11.781,62.25443,17.341,27.10297,10.26,0.33558753,5.8331,-13.990261,9.0635,20.602234,6.2099,-18.83156,14.201,-44.358463,16.075,-11.292108,13.827,-34.913307,9.0481,-11.817658,5.3318,11.694646,16.949,46.738663,6.5086,-16.921139,5.58,-179.3103,7.3862,-242.26447,9.3168,-226.1743,8.2516,-68.77297,5.5354,-92.26149,8.2532,-19.708338,8.1045,-83.83937,11.738,-195.81123,17.967,207.05185,66.01,-735.01447,26.516,-723.76416,82.574
2014-03-18 15:35:37.500,-1981.7501,59.0932,-210.65,35.6654,-0.22654,26.5636,-318.392,19.2205,-261.201,17.718,-130.683,8.65845,-352.915,18.3537,-254.706,17.5924,-422.876,21.84,-49.840813,14.294,-18.262762,8.6197,61.665337,13.29,65.183464,7.782,30.278688,9.6096,105.64645,11.781,44.098175,17.341,41.64409,10.26,-0.22166547,5.8331,20.482998,9.0635,-1.5431337,6.2099,-9.174847,14.201,-47.47256,16.075,-25.8594,13.827,-6.0620136,9.0481,10.039863,5.3318,29.166887,16.949,47.06475,6.5086,-22.24525,5.58,-182.22424,7.3862,-251.32788,9.3168,-254.83087,8.2516,-67.70146,5.5354,-88.74834,8.2532,5.126006,8.1045,-54.208275,11.738,-137.83412,17.967,299.6185,66.01,-781.1096,26.516,-619.3249,82.574
2014-04-16 20:24:22.500,-2003.7776,45.07,-195.466,33.0969,-1.35528,25.2026,-291.904,17.2058,-246.671,18.5895,-140.451,11.2979,-396.72,22.6828,-273.19,13.778,-430.14,22.2235,-38.110394,14.294,-14.0454645,8.6197,60.226856,13.29,57.159428,7.782,41.5815,9.6096,99.53189,11.781,84.35168,17.341,11.544536,10.26,-5.4869895,5.8331,3.8033,9.0635,6.5037427,6.2099,-5.4440284,14.201,-60.81914,16.075,-36.114925,13.827,-3.7817714,9.0481,10.429339,5.3318,35.400894,16.949,45.133892,6.5086,-9.213893,5.58,-178.61714,7.3862,-252.14285,9.3168,-239.93428,8.2516,-55.21418,5.5354,-95.19168,8.2532,14.357189,8.1045,-48.176,11.738,-129.01428,17.967,284.83823,66.01,-728.0993,26.516,-572.2657,82.574
2014-05-16 01:12:11.250,-1876.1622,52.1963,-200.734,30.9142,9.83436,27.1868,-298.275,18.3553,-255.181,15.7266,-118.966,9.47387,-321.64,22.3118,-248.501,13.7641,-415.914,21.3367,-19.054203,14.294,-11.257845,8.6197,56.54305,13.29,61.890858,7.782,35.88817,9.6096,96.32903,11.781,82.39644,17.341,15.105488,10.26,-10.7373705,5.8331,8.008634,9.0635,5.510219,6.2099,-17.967457,14.201,-48.796288,16.075,-10.219592,13.827,2.5523238,9.0481,7.9050536,5.3318,29.238035,16.949,52.677704,6.5086,-11.291036,5.58,-175.34096,7.3862,-247.95238,9.3168,-245.91524,8.2516,-43.592274,5.5354,-79.92977,8.2532,-0.5977631,8.1045,-56.869335,11.738,-137.39523,17.967,302.3906,66.01,-690.4802,26.516,-525.48474,82.574
2014-06-14 06:00:00.000,-1982.5502,39.3314,-192.114,35.156,-16.2117,25.0152,-323.82,20.8107,-245.127,21.5302,-131.76,11.051,-368.802,17.126,-256.937,16.295,-418.717,23.9341,-12.257412,14.294,-15.9679,8.6197,73.462234,13.29,45.197018,7.782,48.44182,9.6096,102.91718,11.781,84.6284,17.341,19.291576,10.26,-7.776095,5.8331,13.736839,9.0635,-1.2851994,6.2099,-9.109743,14.201,-47.31376,16.075,-19.89392,13.827,-6.77554,9.0481,6.6819806,5.3318,33.660137,16.949,46.977028,6.5086,-9.8401575,5.58,-178.93028,7.3862,-261.0492,9.3168,-247.59639,8.2516,-52.32787,5.5354,-74.454834,8.2532,-9.562302,8.1045,-79.981285,11.738,-163.99553,17.967,319.89102,66.01,-715.0156,26.516,-559.1202,82.574
2014-08-15 07:12:11.250,-2351.9094,33.2516,-252.557,29.5179,6.52111,26.9055,-390.031,17.0242,-286.627,18.0282,-167.304,10.8008,-461.002,19.612,-301.852,14.1817,-464.607,19.5316,-34.67244,14.294,-0.87617457,8.6197,70.70958,13.29,46.770237,7.782,55.574135,9.6096,99.82261,11.781,72.61795,17.341,26.711067,10.26,-0.94188374,5.8331,8.03502,9.0635,11.885574,6.2099,-10.450342,14.201,-64.60093,16.075,-13.515559,13.827,-5.574495,9.0481,11.517664,5.3318,52.1959,16.949,59.515728,6.5086,-5.265332,5.58,-193.81729,7.3862,-255.0656,9.3168,-261.04272,8.2516,-60.609848,5.5354,-75.722626,8.2532,-5.367624,8.1045,-63.588287,11.738,-144.68085,17.967,359.88425,66.01,-750.95575,26.516,-535.7524,82.574
2014-09-17 03:35:37.500,-2310.2136,51.5952,-239.458,31.8281,-9.47644,27.7444,-392.856,17.3101,-309.411,18.4772,-136.783,6.82023,-437.562,14.0342,-296.84,14.2267,-453.56,19.3569,-11.393429,14.294,-2.877462,8.6197,85.63005,13.29,47.525,7.782,38.385334,9.6096,109.56286,11.781,88.86219,17.341,28.372429,10.26,9.395462,5.8331,14.365334,9.0635,-2.6260142,6.2099,-9.598857,14.201,-68.10257,16.075,12.50319,13.827,-25.71481,9.0481,6.186095,5.3318,77.46771,16.949,65.36776,6.5086,3.4593904,5.58,-178.82666,7.3862,-245.97429,9.3168,-258.28665,8.2516,-54.547382,5.5354,-58.304478,8.2532,-11.0318575,8.1045,-70.98929,11.738,-140.32666,17.967,409.33047,66.01,-680.2048,26.516,-411.19144,82.574
2014-10-16 08:24:22.500,-2319.3638,43.2533,-237.83,28.9296,8.90025,25.2803,-391.509,16.3982,-273.116,15.8956,-201.27,10.3228,-485.271,22.8569,-286.68,15.1441,-421.159,20.1355,-10.342,14.294,5.5053,8.6197,68.831,13.29,59.445,7.782,38.632,9.6096,106.82,11.781,55.606,17.341,28.801,10.26,2.4227,5.8331,15.772,9.0635,3.6017,6.2099,-26.584,14.201,-69.134,16.075,-23.433,13.827,-11.991,9.0481,17.638,5.3318,79.402,16.949,61.923,6.5086,2.9172,5.58,-170.36,7.3862,-258.46,9.3168,-253.42,8.2516,-48.955,5.5354,-80.574,8.2532,13.471,8.1045,-49.355,11.738,-116.46,17.967,351.34,66.01,-676.7,26.516,-441.82,82.574
2014-11-18 04:47:48.750,-2229.17,52.0366,-233.907,31.0535,-3.07451,26.7372,-376.941,16.7044,-283.563,17.9973,-171.272,10.4182,-438.461,16.8277,-265.291,22.146,-425.028,20.3137,-2.7813969,14.294,-8.854789,8.6197,70.58272,13.29,61.86782,7.782,47.355488,9.6096,106.511024,11.781,72.340706,17.341,12.444392,10.26,-5.0112114,5.8331,3.0886166,9.0635,1.4938667,6.2099,-7.730263,14.201,-117.58011,16.075,-23.577963,13.827,-7.0441484,9.0481,17.609613,5.3318,89.082504,16.949,62.71784,6.5086,2.0426006,5.58,-185.70232,7.3862,-256.74866,9.3168,-271.84464,8.2516,-56.80215,5.5354,-72.955635,8.2532,-6.0447154,8.1045,-65.88445,11.738,-144.88408,17.967,312.57327,66.01,-709.10535,26.516,-541.41614,82.574
2015-01-22 21:35:37.500,-2322.9915,471.779,-256.037,517.375,29.414,354.211,-337.047,231.513,-265.801,249.048,-133.264,108.522,-536.157,412.124,-313.222,182.294,-476.894,409.143,-23.333672,14.294,-11.687453,8.6197,60.765125,13.29,50.578377,7.782,40.051468,9.6096,105.79015,11.781,44.518642,17.341,35.507298,10.26,-0.48640126,5.8331,25.562656,9.0635,-4.621178,6.2099,-4.1918406,14.201,-162.56828,16.075,-36.382812,13.827,-16.944288,9.0481,12.529553,5.3318,61.04258,16.949,64.22744,6.5086,-15.973609,5.58,-197.7022,7.3862,-276.9431,9.3168,-292.36594,8.2516,-57.964455,5.5354,-100.44156,8.2532,4.815234,8.1045,-71.1496,11.738,-166.78,17.967,199.46391,66.01,-800.0556,26.516,-767.3716,82.574
2015-02-13 19:12:11.250,-2161.9255,45.156,-246.458,19.3165,27.5609,14.4591,-312.506,8.10314,-239.369,7.59696,-47.4426,4.99485,-557.347,11.7174,-288.668,8.31368,-465.876,11.601,-30.273985,14.294,-15.19464,8.6197,50.572624,13.29,45.500874,7.782,30.659594,9.6096,106.999535,11.781,35.73708,17.341,63.90511,10.26,3.7471237,5.8331,3.4020312,9.0635,-24.263866,6.2099,-44.946278,14.201,-130.66516,16.075,-31.451563,13.827,-3.7615376,9.0481,2.9027407,5.3318,19.557266,16.949,84.47369,6.5086,-28.010172,5.58,-193.03343,7.3862,-293.93063,9.3168,-289.1222,8.2516,-52.29164,5.5354,-102.33531,8.2532,11.729297,8.1045,-64.16522,11.738,-154.78,17.967,112.69828,66.01,-802.1931,26.516,-844.2653,82.574
2015-03-18 15:35:37.500,-2232.285,36.0968,-237.223,33.0458,42.2645,29.459,-324.056,17.8732,-274.257,18.3292,-156.558,7.64393,-451.795,23.9066,-292.938,14.2941,-501.738,21.6157,-32.601818,14.294,-5.05884,8.6197,55.112385,13.29,55.944553,7.782,39.769794,9.6096,105.8553,11.781,61.139496,17.341,28.241987,10.26,2.9784193,5.8331,10.56194,9.0635,-1.6032084,6.2099,-65.32485,14.201,-105.332695,16.075,-38.596363,13.827,-2.5233977,9.0481,3.9571724,5.3318,54.33682,16.949,63.984493,6.5086,-3.2783868,5.58,-201.4982,7.3862,-300.0465,9.3168,-289.0041,8.2516,-61.918385,5.5354,-94.691864,8.2532,9.514247,8.1045,-67.445305,11.738,-152.62445,17.967,199.46301,66.01,-824.3671,26.516,-777.52,82.574
2015-04-16 20:24:22.500,-2177.1335,46.5977,-229.16,29.8085,34.0406,26.5939,-296.014,15.6974,-294.034,15.359,-159.364,10.0452,-411.761,14.0802,-300.496,10.7917,-488.231,19.0844,-21.790031,14.294,-7.2090034,8.6197,66.673546,13.29,51.251743,7.782,48.525,9.6096,123.98807,11.781,61.428837,17.341,23.810484,10.26,-5.5140224,5.8331,8.135677,9.0635,-5.3704066,6.2099,-52.34632,14.201,-92.15271,16.075,-37.22287,13.827,-18.798,9.0481,7.7245708,5.3318,47.98739,16.949,66.05829,6.5086,-10.462258,5.58,-215.8442,7.3862,-285.52966,9.3168,-311.0626,8.2516,-73.68352,5.5354,-81.092674,8.2532,0.70877707,8.1045,-85.19019,11.738,-165.57,17.967,220.91386,66.01,-852.31226,26.516,-796.9774,82.574
2015-04-27 19:12:11.250,-2196.5994,36.024,-231.377,28.9207,32.2665,26.4527,-292.628,15.6531,-287.157,16.8562,-159.138,9.91724,-417.775,17.112,-305.572,10.3848,-502.128,19.0045,-11.844226,14.294,-4.3010454,8.6197,90.04031,13.29,51.51965,7.782,50.355103,9.6096,132.18677,11.781,57.896545,17.341,34.22492,10.26,-2.0203083,5.8331,17.865871,9.0635,-10.686065,6.2099,-29.17989,14.201,-88.736824,16.075,-25.094263,13.827,-20.30859,9.0481,3.3623617,5.3318,62.29857,16.949,62.387608,6.5086,-10.054203,5.58,-224.22308,7.3862,-279.03586,9.3168,-317.61032,8.2516,-74.57382,5.5354,-83.59855,8.2532,-0.02396659,8.1045,-79.090965,11.738,-162.7124,17.967,319.4241,66.01,-854.95483,26.516,-698.2432,82.574
2015-07-17 02:24:22.500,-2373.4395,52.4608,-259.532,32.892,-4.07505,29.6289,-335.179,18.786,-303.132,21.8087,-163.634,9.03639,-434.629,20.1226,-318.761,12.6834,-521.384,22.7021,-15.234523,14.294,4.245774,8.6197,71.67434,13.29,56.908363,7.782,48.362476,9.6096,140.27522,11.781,77.62858,17.341,24.451626,10.26,6.9163623,5.8331,32.028862,9.0635,5.188305,6.2099,22.006319,14.201,-101.888466,16.075,-25.949034,13.827,-43.033817,9.0481,-2.3272727,5.3318,50.535408,16.949,53.6634,6.5086,16.687807,5.58,-227.70102,7.3862,-324.18546,9.3168,-315.99557,8.2516,-62.93041,5.5354,-100.964264,8.2532,15.585148,8.1045,-99.59904,11.738,-184.9734,17.967,367.03262,66.01,-875.69037,26.516,-693.64056,82.574
2015-08-15 07:12:11.250,-2415.6038,44.9636,-267.043,26.2558,5.82455,23.0564,-338.957,13.4222,-323.626,14.8762,-156.066,6.17382,-423.956,17.4069,-337.717,9.86105,-544.3,18.0321,-15.770886,14.294,0.20535181,8.6197,66.23979,13.29,47.410183,7.782,47.266113,9.6096,103.23886,11.781,93.125854,17.341,23.021626,10.26,-1.7866375,5.8331,4.2986817,9.0635,-0.43081307,6.2099,-32.964592,14.201,-66.66392,16.075,-13.37358,13.827,-23.78291,9.0481,11.796364,5.3318,55.709953,16.949,67.82976,6.5086,11.468716,5.58,-226.4374,7.3862,-331.3127,9.3168,-306.80466,8.2516,-71.304955,5.5354,-76.872444,8.2532,3.7475114,8.1045,-85.50358,11.738,-158.62796,17.967,313.31442,66.01,-872.3358,26.516,-717.64966,82.574
2015-09-13 12:00:00.000,-2518.0193,47.2239,-292.457,26.4321,-1.84151,23.1128,-348.764,15.1786,-322.91,15.2969,-172.505,6.91269,-453.842,14.1863,-331.891,11.5543,-559.223,18.0844,-29.216291,14.294,4.047372,8.6197,68.83237,13.29,39.250683,7.782,60.76043,9.6096,86.64786,11.781,89.41644,17.341,21.621962,10.26,4.4869723,5.8331,21.4924,9.0635,5.0494814,6.2099,-20.59581,14.201,-52.693558,16.075,-18.902151,13.827,-8.406731,9.0481,13.195417,5.3318,71.53597,16.949,75.28028,6.5086,11.291519,5.58,-224.5576,7.3862,-339.2605,9.3168,-318.61432,8.2516,-74.88322,5.5354,-85.39224,8.2532,17.43885,8.1045,-74.36459,11.738,-142.31798,17.967,385.73657,66.01,-899.9592,26.516,-656.54065,82.574
2015-12-24 16:47:48.750,-2484.6472,58.995,-288.488,33.1075,14.4392,32.0599,-341.376,19.4227,-314.147,18.0551,-183.759,8.91195,-441.981,17.2405,-321.778,16.3451,-568.152,23.3327,-17.405008,14.294,15.036612,8.6197,56.098804,13.29,41.95485,7.782,56.185703,9.6096,114.697014,11.781,48.514313,17.341,39.42994,10.26,3.551018,5.8331,18.773275,9.0635,-1.6004373,6.2099,-24.850716,14.201,-117.32089,16.075,-41.760403,13.827,-10.89523,9.0481,16.649508,5.3318,55.882225,16.949,76.86521,6.5086,1.7594135,5.58,-242.40045,7.3862,-349.2794,9.3168,-342.42776,8.2516,-79.48173,5.5354,-77.760864,8.2532,-11.477272,8.1045,-89.842415,11.738,-179.07732,17.967,270.3464,66.01,-952.3736,26.516,-861.1045,82.574
2016-01-15 15:21:33.750,-2428.1821,34.4171,-290.605,30.6349,10.747,25.7665,-311.397,15.8633,-292.792,16.4353,-182.943,9.57209,-448.203,17.6118,-319.348,15.8435,-555.022,20.741,6.954903,14.294,-1.0120448,8.6197,66.76448,13.29,46.693058,7.782,60.14212,9.6096,127.26119,11.781,23.822075,17.341,41.913223,10.26,-4.723967,5.8331,7.1965895,9.0635,-4.030885,6.2099,-43.23131,14.201,-112.17164,16.075,-28.85324,13.827,-21.767588,9.0481,11.831597,5.3318,43.70491,16.949,77.38371,6.5086,3.3771746,5.58,-238.92583,7.3862,-343.51224,9.3168,-359.2009,8.2516,-83.246506,5.5354,-84.203255,8.2532,-1.2565314,8.1045,-101.25943,11.738,-186.72507,17.967,213.54343,66.01,-937.1766,26.516,-910.3582,82.574
2016-02-13 22:04:41.250,-2429.3423,48.7236,-285.232,27.6869,12.8979,25.2405,-313.889,15.9213,-302.156,15.0355,-159.735,6.37059,-436.426,15.9233,-336.687,9.95918,-574.223,17.9505,8.9915,14.294,0.013815,8.6197,78.868,13.29,44.267,7.782,67.013,9.6096,96.806,11.781,97.66,17.341,13.8,10.26,2.734,5.8331,-0.68848,9.0635,7.4846,6.2099,-32.753,14.201,-139.65,16.075,-25.312,13.827,-22.57,9.0481,15.365,5.3318,61.535,16.949,85.942,6.5086,15.494,5.58,-240.75,7.3862,-358.25,9.3168,-341.11,8.2516,-83.688,5.5354,-62.544,8.2532,-2.9908,8.1045,-76.897,11.738,-142.43,17.967,264.57,66.01,-913.38,26.516,-791.25,82.574
2016-03-17 20:38:26.250,-2403.4697,45.1632,-285.647,28.3635,13.7156,24.4239,-345.942,13.8807,-300.947,13.4854,-145.028,5.89745,-409.146,14.2917,-322.175,12.1628,-571.863,17.5949,0.3975264,14.294,13.936966,8.6197,63.990467,13.29,70.92336,7.782,36.74761,9.6096,129.65698,11.781,89.20205,17.341,39.894665,10.26,-7.151349,5.8331,15.697624,9.0635,10.122037,6.2099,-44.683956,14.201,-147.79005,16.075,3.567407,13.827,-11.062696,9.0481,13.450364,5.3318,60.131573,16.949,85.88069,6.5086,9.401579,5.58,-241.60489,7.3862,-361.4828,9.3168,-356.75812,8.2516,-84.84964,5.5354,-69.386986,8.2532,-6.599661,8.1045,-92.69283,11.738,-168.68245,17.967,336.62848,66.01,-949.0165,26.516,-781.0604,82.574
2016-05-19 01:55:18.750,-2338.8953,53.3355,-267.581,26.6768,-6.2578,24.7083,-295.549,18.416,-296.924,18.4938,-152.819,8.77951,-411.402,15.074,-316.372,18.9362,-559.054,20.1131,-5.4744763,14.294,-21.594965,8.6197,48.943535,13.29,68.45064,7.782,58.99539,9.6096,133.45302,11.781,74.18796,17.341,36.022335,10.26,-1.7594512,5.8331,-1.3803245,9.0635,-0.64253694,6.2099,-59.528046,14.201,-151.75995,16.075,-21.184206,13.827,-2.8855033,9.0481,-2.0556643,5.3318,-12.822574,16.949,91.98331,6.5086,8.595721,5.58,-246.41512,7.3862,-382.6072,9.3168,-358.35187,8.2516,-79.21936,5.5354,-74.486015,8.2532,8.37956,8.1045,-70.98016,11.738,-137.08755,17.967,144.44153,66.01,-971.4835,26.516,-964.11957,82.574
2016-06-17 08:38:26.250,-2384.3958,48.247,-267.194,27.5509,-10.5878,23.6005,-323.69,13.7938,-304.291,15.5702,-147.36,6.76975,-431.493,15.7321,-303.513,16.4782,-562.484,19.4854,29.889814,14.294,4.3874297,8.6197,83.7523,13.29,57.202927,7.782,70.597885,9.6096,125.23518,11.781,85.92289,17.341,31.808186,10.26,0.22701348,5.8331,17.573185,9.0635,-1.6236814,6.2099,-42.67278,14.201,-133.70667,16.075,14.866852,13.827,-7.85407,9.0481,9.525237,5.3318,65.40989,16.949,77.34059,6.5086,19.577778,5.58,-242.10445,7.3862,-361.44962,9.3168,-352.28333,8.2516,-65.86437,5.5354,-53.46378,8.2532,10.478333,8.1045,-77.84578,11.738,-120.83592,17.967,380.64703,66.01,-894.89294,26.516,-635.0822,82.574
2016-07-16 15:21:33.750,-2572.1736,52.866,-294.03,28.18,-20.6937,25.5879,-366.217,16.7902,-315.318,16.03,-156.28,6.73175,-475.361,20.2677,-336.241,18.0602,-570.86,18.6403,26.583456,14.294,17.649773,8.6197,104.95802,13.29,61.803493,7.782,56.3952,9.6096,138.84802,11.781,107.92445,17.341,26.863356,10.26,4.246568,5.8331,19.954634,9.0635,2.6279407,6.2099,-18.171158,14.201,-132.60435,16.075,22.718317,13.827,-4.198496,9.0481,13.055861,5.3318,93.95036,16.949,100.72842,6.5086,18.229088,5.58,-242.4,7.3862,-363.78714,9.3168,-359.07474,8.2516,-69.66862,5.5354,-50.347862,8.2532,15.149133,8.1045,-78.18222,11.738,-113.37792,17.967,516.03436,66.01,-889.39813,26.516,-486.7515,82.574
2016-08-22 05:45:56.250,-2761.2827,63.6646,-316.298,34.274,-14.2828,32.1822,-422.167,19.7538,-333.599,22.7203,-155.666,9.96429,-541.118,28.1626,-353.672,25.8251,-587.133,27.9003,25.20192,14.294,14.132319,8.6197,79.460106,13.29,48.90814,7.782,88.25833,9.6096,136.83298,11.781,90.290764,17.341,41.772575,10.26,9.699311,5.8331,28.065266,9.0635,2.219819,6.2099,-29.745966,14.201,-108.20323,16.075,-7.8333716,13.827,-8.872488,9.0481,11.057534,5.3318,54.99882,16.949,100.70461,6.5086,8.33466,5.58,-251.40817,7.3862,-389.86264,9.3168,-369.15955,8.2516,-72.09184,5.5354,-41.810654,8.2532,-5.0125833,8.1045,-75.8282,11.738,-122.64717,17.967,451.0366,66.01,-948.269,26.516,-619.8795,82.574
2016-11-29 01:26:15.000,-2685.4722,46.247,-295.65,32.8493,29.9577,31.9354,-342.65,18.3797,-319.226,17.977,-182.018,8.93353,-563.775,26.7849,-345.62,14.7803,-629.026,23.8635,-5.840919,14.294,16.245676,8.6197,38.692623,13.29,35.332405,7.782,55.697,9.6096,152.28487,11.781,82.045135,17.341,26.96,10.26,-11.628289,5.8331,-8.62685,9.0635,-4.963935,6.2099,-78.514565,14.201,-144.88919,16.075,37.04731,13.827,-9.558892,9.0481,8.006873,5.3318,25.432161,16.949,115.3654,6.5086,-3.9798756,5.58,-277.57892,7.3862,-385.74243,9.3168,-355.77704,8.2516,-50.70046,5.5354,-37.305107,8.2532,2.657811,8.1045,-78.79392,11.738,-113.445595,17.967,219.55298,66.01,-964.2519,26.516,-858.1346,82.574
2016-12-24 16:18:45.000,-2806.7905,61.384,-337.68,35.1424,-0.0525609,31.1867,-365.772,18.6673,-279.203,20.0713,-207.51,11.8483,-583.087,27.2793,-361.637,14.0675,-623.931,24.0338,5.865919,14.294,12.174324,8.6197,64.75438,13.29,27.891594,7.782,76.032,9.6096,102.405136,11.781,114.59986,17.341,47.155,10.26,-9.678411,5.8331,-0.89711946,9.0635,15.4468355,6.2099,-78.569435,14.201,-179.16081,16.075,-6.691908,13.827,-20.562609,9.0481,8.779427,5.3318,42.832836,16.949,116.25459,6.5086,17.510975,5.58,-272.64108,7.3862,-404.37756,9.3168,-360.57297,8.2516,-72.66154,5.5354,-32.93389,8.2532,11.138689,8.1045,-77.49608,11.738,-99.291405,17.967,216.50703,66.01,-970.6181,26.516,-853.3954,82.574
2017-01-22 21:35:37.500,-2585.705,56.8066,-304.4,38.006,39.9999,37.3631,-277.278,20.0725,-357.865,23.9313,-189.192,13.7223,-472.588,17.6699,-363.567,15.4675,-619.386,25.9767,13.783737,14.294,2.9342527,8.6197,47.768288,13.29,29.304815,7.782,55.116528,9.6096,126.54184,11.781,79.873924,17.341,32.905968,10.26,-10.878184,5.8331,-4.9934473,9.0635,-9.768761,6.2099,-112.33737,14.201,-192.96132,16.075,44.516235,13.827,1.8420922,9.0481,15.056526,5.3318,45.879185,16.949,97.98871,6.5086,5.253505,5.58,-272.7845,7.3862,-413.89447,9.3168,-389.86395,8.2516,-73.68558,5.5354,-25.066317,8.2532,-5.645237,8.1045,-64.4371,11.738,-95.14837,17.967,150.80302,66.01,-1033.2106,26.516,-977.5461,82.574
2017-04-02 06:00:00.000,-2674.8472,65.6796,-294.8,48.4234,21.7985,49.46,-367.602,27.1973,-380.448,31.0729,-178.681,12.5223,-458.968,24.1958,-369.22,32.2828,-604.388,39.3195,74.6453,14.294,-58.55772,8.6197,-3.8958182,13.29,58.976547,7.782,69.739,9.6096,119.13212,11.781,98.12088,17.341,7.4523907,10.26,-20.467379,5.8331,-62.322575,9.0635,-29.56184,6.2099,-153.98447,14.201,-124.80947,16.075,-36.075077,13.827,-8.09078,9.0481,24.229849,5.3318,92.73706,16.949,66.4712,6.5086,26.238363,5.58,-246.86061,7.3862,-453.8747,9.3168,-398.8141,8.2516,-79.20947,5.5354,-12.894303,8.2532,-4.0356727,8.1045,-63.921833,11.738,-80.85194,17.967,-27.37341,66.01,-1011.3909,26.516,-1119.6129,82.574
2017-04-24 03:35:37.500,-2529.9778,88.5796,-291.081,46.686,39.1849,44.5049,-272.924,18.7735,-320.992,34.241,-172.082,16.1944,-485.438,30.4198,-372.853,26.9337,-620.005,39.5792,82.268936,14.294,6.089644,8.6197,108.16236,13.29,79.01109,7.782,63.379,9.6096,127.077576,11.781,130.19542,17.341,28.363482,10.26,-10.691924,5.8331,-3.7094848,9.0635,-9.531932,6.2099,-82.158104,14.201,-83.40311,16.075,-9.159985,13.827,9.203856,9.0481,35.50803,5.3318,188.74979,16.949,126.61756,6.5086,20.134727,5.58,-266.78787,7.3862,-394.41107,9.3168,-411.22318,8.2516,-79.08311,5.5354,-22.97794,8.2532,4.1510544,8.1045,-64.35183,11.738,-83.179214,17.967,577.0857,66.01,-922.4818,26.516,-428.5674,82.574
2017-05-12 09:35:37.500,-2599.5234,58.7692,-302.181,30.4498,12.6649,27.6878,-292.248,18.5255,-349.109,19.7613,-175.416,10.0121,-455.537,17.0793,-374.374,18.332,-629.428,22.7598,55.35388,14.294,-7.85189,8.6197,66.48664,13.29,62.09504,7.782,78.6982,9.6096,152.249,11.781,105.3676,17.341,37.55748,10.26,-5.597738,5.8331,-7.111534,9.0635,-1.838202,6.2099,-53.0114,14.201,-147.15486,16.075,10.995812,13.827,6.937338,9.0481,29.79542,5.3318,99.39914,16.949,115.4092,6.5086,23.04258,5.58,-267.3258,7.3862,-419.39,9.3168,-405.795,8.2516,-73.26274,5.5354,-24.39158,8.2532,2.89933,8.1045,-78.19954,11.738,-99.69376,17.967,427.0182,66.01,-971.9796,26.516,-644.6452,82.574
2017-06-10 14:24:22.500,-2673.638,100.978,-275.531,56.091,-5.35086,67.2711,-303.197,23.0363,-354.693,41.5234,-195.474,18.9788,-502.562,27.5071,-380.858,25.9381,-621.491,43.2378,55.500923,14.294,-17.646223,8.6197,109.37983,13.29,65.883835,7.782,79.63047,9.6096,131.04848,11.781,138.30807,17.341,40.544197,10.26,-6.6907578,5.8331,18.373232,9.0635,8.676631,6.2099,-28.957767,14.201,-148.58467,16.075,3.9292903,13.827,13.116212,9.0481,7.121751,5.3318,79.20673,16.949,126.611336,6.5086,26.441273,5.58,-256.21844,7.3862,-403.328,9.3168,-392.88232,8.2516,-48.883034,5.5354,-26.453445,8.2532,16.606003,8.1045,-56.196777,11.738,-66.04322,17.967,493.3399,66.01,-892.7562,26.516,-465.45657,82.574
2018-06-17 21:35:37.500,-2681.9758,47.5275,-318.843,28.6708,14.5885,25.2475,-288.158,14.8464,-341.372,13.4502,-214.74,9.81364,-476.444,17.7172,-354.576,11.9432,-662.253,19.5662,20.936,14.294,26.922693,8.6197,99.55692,13.29,96.081,7.782,77.51492,9.6096,171.11385,11.781,156.09462,17.341,24.819769,10.26,-5.1689076,5.8331,12.470923,9.0635,-1.2002,6.2099,-49.44754,14.201,-212.89539,16.075,39.674538,13.827,1.5408692,9.0481,25.663923,5.3318,97.14784,16.949,138.41615,6.5086,15.001769,5.58,-346.4477,7.3862,-521.8115,9.3168,-467.65,8.2516,-86.65577,5.5354,-86.26592,8.2532,25.043077,8.1045,-86.51815,11.738,-147.74385,17.967,559.88385,66.01,-1248.2076,26.516,-836.0669,82.574
2018-07-09 19:12:11.250,-2718.437,60.4926,-328.491,34.9956,56.2332,32.0652,-276.589,10.3139,-360.505,20.0168,-196.891,9.91073,-468.116,15.2324,-401.051,21.7308,-703.274,22.9412,-27.496,14.294,40.731,8.6197,105.58,13.29,70.737,7.782,107.31,9.6096,183.16,11.781,149.43,17.341,28.609,10.26,-16.653,5.8331,24.074,9.0635,4.1374,6.2099,-54.566,14.201,-197.0,16.075,38.781,13.827,-5.9667,9.0481,17.347,5.3318,132.99,16.949,141.97,6.5086,20.567,5.58,-351.94,7.3862,-506.47,9.3168,-484.09,8.2516,-88.837,5.5354,-92.145,8.2532,28.824,8.1045,-87.708,11.738,-151.03,17.967,628.69,66.01,-1296.3,26.516,-818.63,82.574
2018-10-30 22:47:48.750,-2849.038,67.6738,-338.56,38.7943,49.9406,37.4619,-344.098,21.0721,-398.17,22.5756,-174.092,9.30213,-516.154,22.2529,-401.261,24.5459,-688.889,24.247,55.283966,14.294,16.562962,8.6197,112.20862,13.29,67.23629,7.782,105.376236,9.6096,148.65132,11.781,137.41875,17.341,33.89096,10.26,-1.3198618,5.8331,27.208887,9.0635,-2.3144875,6.2099,-79.29822,14.201,-219.4775,16.075,37.841034,13.827,12.589143,9.0481,25.229572,5.3318,107.68164,16.949,129.86903,6.5086,13.99819,5.58,-358.3892,7.3862,-538.9552,9.3168,-478.5778,8.2516,-91.08973,5.5354,-69.17709,8.2532,-0.59433216,8.1045,-102.651794,11.738,-172.43097,17.967,529.4701,66.01,-1267.8916,26.516,-910.82263,82.574
2018-11-18 04:47:48.750,-2817.3293,49.8773,-333.866,30.2103,49.2355,26.1681,-340.407,17.6761,-392.823,16.569,-208.162,6.00288,-483.495,14.2237,-378.362,18.3459,-692.799,19.3288,30.997084,14.294,21.683,8.6197,106.666336,13.29,78.9255,7.782,92.5555,9.6096,181.7425,11.781,112.96167,17.341,54.39875,10.26,-5.7995167,5.8331,21.256416,9.0635,-3.8870168,6.2099,-67.01667,14.201,-235.46417,16.075,28.244167,13.827,14.175354,9.0481,22.588667,5.3318,107.585,16.949,138.41833,6.5086,7.8475666,5.58,-359.995,7.3862,-540.99164,9.3168,-470.52417,8.2516,-84.45233,5.5354,-74.78625,8.2532,18.611267,8.1045,-72.58158,11.738,-128.75583,17.967,530.62,66.01,-1278.7084,26.516,-876.82166,82.574
2018-12-17 09:35:37.500,-2800.7607,52.0465,-335.123,31.6334,47.9647,28.7161,-351.964,16.897,-374.401,15.2851,-196.698,6.19662,-494.857,14.0977,-385.357,10.919,-667.193,19.7182,-13.223949,14.294,25.834858,8.6197,74.7217,13.29,78.9004,7.782,76.36549,9.6096,180.044,11.781,130.50871,17.341,37.336105,10.26,-8.36714,5.8331,12.65647,9.0635,-2.5972412,6.2099,-99.75887,14.201,-230.0006,16.075,26.099686,13.827,0.83179176,9.0481,24.39326,5.3318,91.487236,16.949,143.65553,6.5086,-3.7043624,5.58,-370.70023,7.3862,-540.4746,9.3168,-484.178,8.2516,-86.18353,5.5354,-82.64439,8.2532,7.067146,8.1045,-88.45614,11.738,-164.03564,17.967,418.45294,66.01,-1354.7717,26.516,-1100.4106,82.574
2019-01-15 14:24:22.500,-2802.746,51.1749,-349.798,33.0369,68.916,31.6401,-307.76,17.8596,-371.568,17.1593,-194.745,6.06626,-531.602,22.3171,-381.668,13.0522,-693.983,20.19,0.5107427,14.294,18.631094,8.6197,68.74053,13.29,78.9644,7.782,78.61867,9.6096,157.484,11.781,155.00752,17.341,28.858929,10.26,-1.79754,5.8331,-11.7576475,9.0635,-3.5450058,6.2099,-118.208755,14.201,-215.08295,16.075,-6.7886906,13.827,-1.6337612,9.0481,20.693495,5.3318,94.88017,16.949,148.86964,6.5086,4.7313085,5.58,-378.97318,7.3862,-552.5969,9.3168,-503.858,8.2516,-104.67765,5.5354,-78.57474,8.2532,-10.74763,8.1045,-104.45991,11.738,-193.78624,17.967,343.0647,66.01,-1386.0188,26.516,-1236.693,82.574
2019-02-17 10:47:48.750,-2863.7366,49.872,-325.517,31.9278,9.78848,28.7594,-340.182,20.0886,-402.965,18.1547,-197.287,8.52705,-479.7,14.4517,-386.905,16.4416,-699.768,23.3451,45.245758,14.294,4.7511744,8.6197,72.682076,13.29,66.523544,7.782,100.83747,9.6096,130.30923,11.781,145.48291,17.341,25.26319,10.26,-5.5261936,5.8331,-8.592063,9.0635,-10.435941,6.2099,-120.60785,14.201,-227.01291,16.075,9.303749,13.827,-5.639843,9.0481,12.309216,5.3318,95.46785,16.949,141.55203,6.5086,13.43014,5.58,-386.22266,7.3862,-563.1262,9.3168,-530.75415,8.2516,-111.05354,5.5354,-90.60203,8.2532,-1.709367,8.1045,-106.21943,11.738,-198.53316,17.967,285.11014,66.01,-1390.9126,26.516,-1304.3583,82.574
2019-03-18 15:35:37.500,-2892.2205,51.609,-347.383,29.8707,39.0302,28.1996,-372.175,17.3259,-353.72,15.8835,-178.594,6.76773,-512.503,15.1985,-403.054,20.2047,-720.899,20.5737,76.328735,14.294,17.76347,8.6197,111.40831,13.29,79.01176,7.782,92.1627,9.6096,137.82639,11.781,165.52254,17.341,23.127037,10.26,-6.8906937,5.8331,3.8476722,9.0635,-1.6093445,6.2099,-121.19976,14.201,-240.79494,16.075,49.353397,13.827,-9.442053,9.0481,19.71988,5.3318,113.805016,16.949,145.9859,6.5086,10.7512455,5.58,-381.74567,7.3862,-556.10443,9.3168,-525.39496,8.2516,-103.665184,5.5354,-98.348625,8.2532,16.592825,8.1045,-71.462425,11.738,-153.21808,17.967,433.6188,66.01,-1333.8301,26.516,-1053.4807,82.574
2019-04-16 20:24:22.500,-2824.1409,52.0639,-344.023,31.5971,1.6192,28.7386,-341.574,15.9058,-354.543,17.0194,-192.879,10.5172,-479.179,17.4676,-356.661,10.2767,-716.211,19.996,71.175285,14.294,26.922678,8.6197,126.108215,13.29,82.29043,7.782,87.60593,9.6096,151.78072,11.781,151.66965,17.341,52.431034,10.26,-0.10997393,5.8331,12.877607,9.0635,-10.292346,6.2099,-141.33144,14.201,-250.11107,16.075,68.50257,13.827,1.6306857,9.0481,28.195858,5.3318,93.98489,16.949,153.47072,6.5086,8.431832,5.58,-397.6982,7.3862,-561.6839,9.3168,-526.1125,8.2516,-106.52779,5.5354,-79.74807,8.2532,3.1985393,8.1045,-73.38532,11.738,-149.93286,17.967,482.1557,66.01,-1358.9536,26.516,-1026.6721,82.574
2019-05-16 01:12:11.250,-2836.0112,41.054,-352.873,32.1959,46.3727,26.0213,-325.563,16.4605,-361.516,17.1592,-199.133,10.524,-481.434,18.3669,-399.629,13.3387,-722.544,21.1924,37.87624,14.294,42.060772,8.6197,135.39394,13.29,92.46186,7.782,85.63069,9.6096,176.06642,11.781,181.79346,17.341,46.405323,10.26,-8.199678,5.8331,25.320465,9.0635,-5.474918,6.2099,-110.169525,14.201,-253.87297,16.075,54.384476,13.827,2.9529715,9.0481,33.872047,5.3318,142.0887,16.949,162.82309,6.5086,8.096689,5.58,-393.38394,7.3862,-561.7887,9.3168,-526.44586,8.2516,-95.53541,5.5354,-83.16331,8.2532,8.14892,8.1045,-63.26056,11.738,-138.27571,17.967,640.70807,66.01,-1368.3822,26.516,-865.92926,82.574
2019-06-17 21:35:37.500,-2847.5798,50.0838,-333.584,30.755,34.5124,28.4034,-316.102,15.5527,-371.234,15.866,-194.355,10.4885,-471.128,18.2609,-422.487,19.516,-734.538,20.0297,27.932253,14.294,50.297348,8.6197,129.50832,13.29,87.027084,7.782,75.43462,9.6096,186.51904,11.781,175.75844,17.341,61.566433,10.26,1.4008627,5.8331,17.483301,9.0635,-7.750037,6.2099,-123.25578,14.201,-246.38013,16.075,65.09346,13.827,-4.2519603,9.0481,22.236567,5.3318,163.99808,16.949,173.27483,6.5086,19.47253,5.58,-392.07916,7.3862,-559.4159,9.3168,-535.3993,8.2516,-96.5954,5.5354,-73.37048,8.2532,0.93200094,8.1045,-62.571808,11.738,-135.01205,17.967,654.67444,66.01,-1362.847,26.516,-843.1458,82.574
2019-07-17 02:24:22.500,-3033.8596,48.694,-358.389,30.1311,1.45939,26.9465,-375.04,17.4602,-386.232,17.5734,-179.216,6.81453,-519.171,18.3864,-416.742,9.99291,-761.884,18.9293,62.587917,14.294,54.005505,8.6197,136.21118,13.29,73.419815,7.782,88.290115,9.6096,165.01811,11.781,178.75565,17.341,51.710094,10.26,-2.1773248,5.8331,24.113295,9.0635,1.210056,6.2099,-102.354706,14.201,-251.2707,16.075,55.909424,13.827,8.283519,9.0481,17.158154,5.3318,171.2007,16.949,168.5307,6.5086,24.117388,5.58,-380.4253,7.3862,-544.2414,9.3168,-534.3466,8.2516,-93.016304,5.5354,-82.51548,8.2532,2.1111164,8.1045,-92.17948,11.738,-172.58023,17.967,669.4781,66.01,-1296.813,26.516,-799.89484,82.574
2019-08-15 07:12:11.250,-3243.1794,52.291,-372.19,29.2666,-3.3185,27.3652,-389.064,9.4002,-432.54,17.1884,-227.008,11.2564,-561.548,15.5156,-459.891,21.0764,-760.012,20.2769,86.46462,14.294,29.265741,8.6197,137.05824,13.29,65.092285,7.782,102.29482,9.6096,141.74283,11.781,168.58153,17.341,29.71386,10.26,-1.5743129,5.8331,23.925058,9.0635,0.088295035,6.2099,-111.34294,14.201,-240.89894,16.075,57.046364,13.827,3.9882717,9.0481,25.204271,5.3318,136.02895,16.949,162.95894,6.5086,18.012918,5.58,-389.03705,7.3862,-545.0979,9.3168,-542.6101,8.2516,-99.98854,5.5354,-95.45477,8.2532,2.5437753,8.1045,-108.478775,11.738,-201.38965,17.967,566.2028,66.01,-1309.3306,26.516,-944.4878,82.574
2019-09-17 03:35:37.500,-3335.089,50.7586,-401.488,32.9058,16.8906,29.8091,-405.453,16.3136,-422.787,17.1706,-222.344,10.0516,-588.919,22.3523,-461.582,13.3146,-807.293,21.676,87.06567,14.294,29.178858,8.6197,141.64095,13.29,87.28295,7.782,78.64476,9.6096,149.78334,11.781,160.11809,17.341,58.42843,10.26,1.4710238,5.8331,21.277191,9.0635,-4.539038,6.2099,-118.73381,14.201,-251.43666,16.075,34.53757,13.827,0.73331904,9.0481,27.89319,5.3318,125.972855,16.949,161.38953,6.5086,20.312904,5.58,-385.89285,7.3862,-540.5457,9.3168,-536.75714,8.2516,-102.34762,5.5354,-91.24581,8.2532,-0.92153454,8.1045,-99.92762,11.738,-192.09572,17.967,542.25525,66.01,-1296.762,26.516,-946.63336,82.574
2019-10-16 08:24:22.500,-3380.7983,49.3461,-394.276,31.9238,18.0625,28.3297,-442.327,17.9392,-402.153,17.1487,-230.16,7.59291,-629.037,23.0047,-448.439,10.9258,-809.517,22.5394,35.639,14.294,41.416,8.6197,119.86,13.29,76.382,7.782,84.36,9.6096,172.65,11.781,185.28,17.341,41.457,10.26,2.4255,5.8331,17.461,9.0635,-1.7818,6.2099,-107.81,14.201,-268.57,16.075,30.609,13.827,-4.9343,9.0481,23.717,5.3318,126.03,16.949,170.18,6.5086,16.591,5.58,-384.75,7.3862,-563.06,9.3168,-521.1,8.2516,-101.5,5.5354,-88.522,8.2532,0.044975,8.1045,-106.74,11.738,-195.21,17.967,538.56,66.01,-1348.0,26.516,-1004.7,82.574
2019-11-18 04:47:48.750,-3370.3484,50.5658,-376.963,28.084,-7.74744,27.1991,-440.693,16.704,-389.5,16.6177,-207.596,6.16828,-665.543,20.4235,-459.753,10.0586,-778.777,18.4789,16.969,14.294,31.8835,8.6197,103.83884,13.29,69.10284,7.782,89.22125,9.6096,183.02417,11.781,140.60916,17.341,72.26241,10.26,3.06195,5.8331,11.790533,9.0635,-8.568175,6.2099,-123.76667,14.201,-286.06915,16.075,27.4995,13.827,14.060667,9.0481,16.55525,5.3318,136.77916,16.949,176.085,6.5086,11.336416,5.58,-392.0275,7.3862,-561.62335,9.3168,-544.4617,8.2516,-106.68875,5.5354,-82.409,8.2532,-18.544226,8.1045,-126.458916,11.738,-227.415,17.967,481.29584,66.01,-1400.4333,26.516,-1146.5583,82.574
2019-12-17 09:35:37.500,-3326.133,52.642,-386.095,31.1191,-30.8195,26.5359,-455.83,15.8804,-407.26,17.0033,-197.705,6.28698,-597.286,14.7618,-437.09,10.5454,-767.331,20.6592,46.637493,14.294,13.393624,8.6197,93.92054,13.29,71.55771,7.782,86.14855,9.6096,159.4747,11.781,172.27106,17.341,48.895035,10.26,-10.906254,5.8331,-2.4804223,9.0635,-3.627541,6.2099,-142.57576,14.201,-279.5426,16.075,16.263176,13.827,-12.913082,9.0481,14.015259,5.3318,121.50197,16.949,175.17577,6.5086,14.206658,5.58,-383.55176,7.3862,-587.43317,9.3168,-542.1532,8.2516,-98.804825,5.5354,-80.09113,8.2532,-3.8342988,8.1045,-86.33311,11.738,-170.25964,17.967,345.3947,66.01,-1375.9165,26.516,-1200.7435,82.574
2020-01-15 15:22:30.000,-3354.224,54.1824,-384.588,33.8415,10.9543,28.6002,-444.522,19.9576,-436.419,18.3427,-193.799,11.2619,-602.017,23.7256,-466.306,25.1357,-792.594,23.7369,95.370674,14.294,2.1302836,8.6197,96.708305,13.29,83.09653,7.782,66.909966,9.6096,143.33353,11.781,107.49929,17.341,78.89597,10.26,1.0069695,5.8331,3.4176483,9.0635,-21.455305,6.2099,-146.46283,14.201,-316.94495,16.075,21.547882,13.827,10.311388,9.0481,19.835495,5.3318,98.621025,16.949,158.26282,6.5086,14.650894,5.58,-389.9988,7.3862,-597.11786,9.3168,-562.23785,8.2516,-106.000114,5.5354,-103.64125,8.2532,-2.5169342,8.1045,-122.495926,11.738,-228.65024,17.967,248.45354,66.01,-1387.0223,26.516,-1367.2377,82.574
2020-02-17 13:54:22.500,-3348.9014,61.509,-421.638,34.5611,32.4797,29.4571,-442.031,19.7284,-424.249,18.272,-212.588,10.8398,-595.454,24.5882,-439.626,30.5454,-797.465,22.0927,75.017365,14.294,6.0661573,8.6197,103.33147,13.29,70.74766,7.782,82.06138,9.6096,132.0617,11.781,141.12427,17.341,57.445,10.26,-1.2168123,5.8331,-1.7144903,9.0635,-9.0199585,6.2099,-152.5822,14.201,-324.7422,16.075,1.289033,13.827,1.777806,9.0481,23.570768,5.3318,89.564735,16.949,160.93927,6.5086,0.7012007,5.58,-407.72244,7.3862,-584.6788,9.3168,-574.13416,8.2516,-113.18536,5.5354,-109.75805,8.2532,7.5310636,8.1045,-115.08366,11.738,-217.3044,17.967,219.77098,66.01,-1443.05,26.516,-1440.5658,82.574
2020-03-17 20:37:30.000,-3420.8884,51.8121,-413.941,30.129,5.40374,29.6039,-456.909,17.3571,-400.547,15.0278,-214.706,9.47997,-621.666,20.5219,-450.385,21.2577,-818.663,21.031,41.06765,14.294,24.019049,8.6197,115.633575,13.29,85.67836,7.782,80.86225,9.6096,142.39096,11.781,166.06856,17.341,55.995422,10.26,0.36866266,5.8331,12.368537,9.0635,-7.5060925,6.2099,-148.73627,14.201,-322.4106,16.075,7.839523,13.827,0.7842289,9.0481,29.64241,5.3318,120.14422,16.949,168.10735,6.5086,0.8844578,5.58,-415.98422,7.3862,-590.93207,9.3168,-553.4965,8.2516,-104.26648,5.5354,-106.8247,8.2532,11.216844,8.1045,-118.81615,11.738,-214.42036,17.967,363.14746,66.01,-1454.5891,26.516,-1305.8795,82.574
2020-04-16 03:22:30.000,-3399.4563,52.4168,-429.215,30.2045,36.0961,27.2811,-467.974,17.4945,-398.913,15.822,-224.361,11.0466,-610.482,22.3309,-439.627,22.7717,-815.65,21.6222,18.525,14.294,29.487,8.6197,98.129,13.29,94.248,7.782,84.869,9.6096,178.95,11.781,172.43,17.341,41.98,10.26,1.2578,5.8331,3.0762,9.0635,-3.2099,6.2099,-102.77,14.201,-337.36,16.075,3.1388,13.827,-11.135,9.0481,20.4,5.3318,130.39,16.949,182.97,6.5086,9.9516,5.58,-409.43,7.3862,-593.92,9.3168,-564.07,8.2516,-98.306,5.5354,-119.75,8.2532,24.306,8.1045,-114.18,11.738,-209.63,17.967,403.88,66.01,-1454.3,26.516,-1260.0,82.574
2020-05-19 01:54:22.500,-3337.0933,47.9392,-374.432,31.1679,7.3719,26.8974,-447.299,17.2272,-369.534,16.2046,-195.651,11.1029,-653.94,22.382,-444.768,22.9343,-817.965,20.5332,29.896025,14.294,45.44689,8.6197,100.57448,13.29,79.29849,7.782,83.96399,9.6096,177.63422,11.781,159.38023,17.341,61.87087,10.26,-7.866913,5.8331,13.483314,9.0635,-5.708589,6.2099,-108.33868,14.201,-282.74387,16.075,11.912686,13.827,-6.949629,9.0481,19.502626,5.3318,146.77795,16.949,186.43964,6.5086,23.99664,5.58,-395.25278,7.3862,-599.9388,9.3168,-560.2871,8.2516,-99.9267,5.5354,-106.64494,8.2532,7.158459,8.1045,-133.39084,11.738,-232.88252,17.967,488.23422,66.01,-1415.047,26.516,-1159.6903,82.574
2020-06-17 08:37:30.000,-3343.2244,52.2224,-382.951,30.2056,-7.23081,26.7035,-423.941,16.1528,-413.97,15.1017,-201.435,9.59855,-593.263,21.5307,-468.808,22.7936,-809.824,20.4637,79.05011,14.294,51.682713,8.6197,112.47822,13.29,78.778145,7.782,79.54189,9.6096,169.65,11.781,167.44643,17.341,52.066463,10.26,-0.9370025,5.8331,15.25425,9.0635,-1.5339857,6.2099,-115.953575,14.201,-303.36963,16.075,38.597965,13.827,-10.220425,9.0481,19.977142,5.3318,141.09215,16.949,188.03679,6.5086,27.563393,5.58,-399.3239,7.3862,-592.2332,9.3168,-555.8775,8.2516,-96.67607,5.5354,-108.65929,8.2532,10.664857,8.1045,-145.73964,11.738,-243.73785,17.967,494.55823,66.01,-1349.4214,26.516,-1098.66,82.574
2020-07-16 15:22:30.000,-3461.5432,53.8533,-411.51,31.3071,-22.6197,26.0781,-428.594,16.6276,-425.462,15.3015,-204.053,10.7017,-605.071,21.1087,-479.835,19.8481,-838.561,19.5749,95.53297,14.294,38.341763,8.6197,132.69727,13.29,81.50195,7.782,81.05904,9.6096,164.05,11.781,149.75119,17.341,71.62551,10.26,-2.235469,5.8331,14.4609165,9.0635,-3.2509382,6.2099,-110.71548,14.201,-270.29346,16.075,24.117012,13.827,9.341575,9.0481,31.047619,5.3318,151.01595,16.949,179.41774,6.5086,28.347202,5.58,-387.16202,7.3862,-585.6523,9.3168,-562.4775,8.2516,-96.67798,5.5354,-102.506905,8.2532,10.687715,8.1045,-122.26345,11.738,-214.08072,17.967,562.5106,66.01,-1328.6595,26.516,-980.26,82.574
2020-08-18 13:54:22.500,-3585.8396,54.8314,-446.814,32.7487,11.7605,27.6003,-476.314,17.8134,-401.077,16.7165,-225.484,11.8162,-669.194,22.0874,-467.017,23.7028,-864.83,20.3291,64.26664,14.294,44.72875,8.6197,140.8647,13.29,80.19765,7.782,91.41556,9.6096,174.94867,11.781,170.08421,17.341,58.308434,10.26,-8.002146,5.8331,26.364096,9.0635,12.1295185,6.2099,-90.42012,14.201,-279.65024,16.075,30.061903,13.827,5.010688,9.0481,32.71136,5.3318,158.62807,16.949,191.35808,6.5086,25.889868,5.58,-386.05807,7.3862,-595.5971,9.3168,-543.003,8.2516,-88.16889,5.5354,-99.00677,8.2532,13.676615,8.1045,-128.55276,11.738,-213.88579,17.967,647.3925,66.01,-1331.3,26.516,-897.8099,82.574
2020-09-16 20:37:30.000,-3598.2917,61.6065,-440.243,32.6,52.8008,29.7472,-508.321,20.8697,-434.591,18.053,-219.374,11.392,-655.63,23.7263,-477.176,23.5115,-867.533,20.6359,24.608328,14.294,36.586,8.6197,124.56705,13.29,77.81705,7.782,102.83408,9.6096,188.63155,11.781,157.28952,17.341,69.76092,10.26,-6.283768,5.8331,34.21632,9.0635,13.405537,6.2099,-89.984474,14.201,-266.1156,16.075,21.581167,13.827,-18.53975,9.0481,25.893488,5.3318,153.94142,16.949,198.36298,6.5086,16.971725,5.58,-395.5451,7.3862,-590.2352,9.3168,-567.0018,8.2516,-97.9755,5.5354,-106.36238,8.2532,22.96338,8.1045,-135.0094,11.738,-218.40834,17.967,625.60834,66.01,-1410.8309,26.516,-1003.58215,82.574
2020-10-16 03:22:30.000,-3488.0823,54.8694,-419.805,29.5251,10.7944,28.1313,-425.329,16.33,-474.645,15.87,-233.885,11.0005,-588.953,23.2634,-466.504,21.7542,-844.717,20.9075,9.354614,14.294,31.786,8.6197,93.13086,13.29,72.78086,7.782,89.56075,9.6096,195.15535,11.781,154.05142,17.341,43.59425,10.26,-0.5132254,5.8331,23.922035,9.0635,8.808489,6.2099,-70.74257,14.201,-288.96323,16.075,-24.7255,13.827,-3.07975,9.0481,20.252535,5.3318,161.2557,16.949,193.00107,6.5086,28.949821,5.58,-399.15463,7.3862,-608.2543,9.3168,-570.34467,8.2516,-106.8955,5.5354,-112.152855,8.2532,14.433857,8.1045,-157.36179,11.738,-255.075,17.967,506.275,66.01,-1453.3071,26.516,-1202.1536,82.574
2020-11-18 01:54:22.500,-3488.1091,55.0559,-406.422,33.1607,-16.8585,29.8662,-431.625,17.4403,-455.487,18.6628,-197.669,11.2469,-606.926,21.9445,-464.865,25.006,-862.134,21.3555,65.223335,14.294,25.074667,8.6197,76.870476,13.29,80.39167,7.782,95.43038,9.6096,180.64238,11.781,124.14333,17.341,68.4481,10.26,1.3503524,5.8331,14.0137615,9.0635,8.710924,6.2099,-96.49519,14.201,-303.68143,16.075,15.282147,13.827,-11.562786,9.0481,15.998524,5.3318,119.207146,16.949,187.51904,6.5086,15.645619,5.58,-412.97144,7.3862,-606.17334,9.3168,-582.61237,8.2516,-100.82143,5.5354,-76.07138,8.2532,-1.9976143,8.1045,-133.98047,11.738,-212.05,17.967,413.82382,66.01,-1434.238,26.516,-1232.4143,82.574
2020-12-17 08:37:30.000,-3572.6096,50.9082,-425.019,30.5538,-18.1269,26.4083,-394.919,17.5058,-465.795,17.5,-237.64,10.0963,-643.413,21.9901,-484.28,21.4987,-854.947,18.6478,117.69,14.294,21.588,8.6197,117.54,13.29,85.425,7.782,86.858,9.6096,173.69,11.781,147.81,17.341,59.43,10.26,16.198,5.8331,22.149,9.0635,-3.4306,6.2099,-91.599,14.201,-329.91,16.075,-3.6749,13.827,-9.5985,9.0481,18.069,5.3318,124.75,16.949,179.9,6.5086,19.778,5.58,-418.6,7.3862,-627.64,9.3168,-587.66,8.2516,-102.45,5.5354,-86.519,8.2532,9.6561,8.1045,-124.19,11.738,-201.05,17.967,435.3,66.01,-1419.0,26.516,-1184.7,82.574
2021-01-15 14:24:22.500,-3543.6282,50.4165,-454.214,32.2186,20.0727,27.0951,-437.777,16.8295,-451.602,15.4944,-211.958,10.5429,-626.009,20.2489,-479.973,20.3807,-851.211,18.9848,80.07536,14.294,18.862146,8.6197,107.26683,13.29,76.72646,7.782,93.47654,9.6096,161.57292,11.781,123.30268,17.341,70.521706,10.26,7.5065856,5.8331,17.160707,9.0635,-5.7951856,6.2099,-112.13656,14.201,-356.73926,16.075,5.0905633,13.827,-11.011671,9.0481,22.581196,5.3318,89.01634,16.949,177.00244,6.5086,8.519366,5.58,-427.14633,7.3862,-646.6839,9.3168,-592.538,8.2516,-100.85976,5.5354,-110.578514,8.2532,20.122343,8.1045,-137.8778,11.738,-228.32805,17.967,307.40732,66.01,-1501.6342,26.516,-1422.5537,82.574
2021-02-13 19:11:15.000,-3460.4124,50.9984,-430.411,32.3407,12.7338,31.8398,-443.268,17.9508,-466.533,17.3035,-219.549,9.99484,-568.204,21.6496,-457.331,25.7945,-842.005,21.3676,37.916332,14.294,35.955925,8.6197,115.33,13.29,81.74174,7.782,87.71978,9.6096,167.26926,11.781,156.97148,17.341,67.69537,10.26,2.8370407,5.8331,36.93948,9.0635,-0.1744777,6.2099,-112.65963,14.201,-335.20407,16.075,-14.223715,13.827,-6.1490817,9.0481,32.32363,5.3318,118.49197,16.949,192.19296,6.5086,8.926129,5.58,-436.53705,7.3862,-653.14966,9.3168,-589.4052,8.2516,-99.38326,5.5354,-85.21274,8.2532,11.332149,8.1045,-117.44889,11.738,-191.32925,17.967,434.87445,66.01,-1539.4259,26.516,-1295.9,82.574
2021-03-18 15:35:37.500,-3570.208,49.3109,-441.387,30.5756,-0.726133,26.4816,-406.216,17.1116,-444.855,16.1162,-242.529,8.51077,-617.158,21.722,-478.052,20.4785,-883.683,19.7645,16.306181,14.294,49.300255,8.6197,82.40614,13.29,84.648346,7.782,95.18895,9.6096,178.56277,11.781,170.94603,17.341,47.465794,10.26,4.717266,5.8331,25.473373,9.0635,8.0243845,6.2099,-107.94333,14.201,-345.22037,16.075,-17.621204,13.827,-1.3909235,9.0481,17.158783,5.3318,122.69735,16.949,196.36398,6.5086,9.787684,5.58,-447.72614,7.3862,-640.5859,9.3168,-621.48364,8.2516,-105.91215,5.5354,-93.60114,8.2532,12.682603,8.1045,-139.06157,11.738,-219.98445,17.967,414.4159,66.01,-1593.2253,26.516,-1398.7831,82.574
2021-04-16 20:24:22.500,-3471.5427,51.1304,-451.719,30.7021,71.7122,27.5298,-418.674,16.916,-434.898,15.4102,-232.267,10.7309,-604.994,19.9758,-477.426,20.974,-874.52,19.8152,60.720535,14.294,68.37389,8.6197,121.51714,13.29,90.86718,7.782,95.14639,9.6096,199.57286,11.781,147.62393,17.341,88.81643,10.26,5.969193,5.8331,61.659073,9.0635,-7.152518,6.2099,-99.71554,14.201,-311.4875,16.075,24.438929,13.827,-11.255608,9.0481,23.293571,5.3318,147.44035,16.949,201.01964,6.5086,18.9475,5.58,-451.02643,7.3862,-646.5743,9.3168,-606.0743,8.2516,-96.131714,5.5354,-95.78557,8.2532,26.762714,8.1045,-119.66643,11.738,-188.68536,17.967,645.10034,66.01,-1519.1322,26.516,-1062.6964,82.574
2021-05-16 01:11:15.000,-3470.627,53.493,-443.724,31.4095,30.8168,28.5147,-410.785,16.1081,-419.794,15.3721,-216.322,9.68584,-624.539,20.613,-474.876,21.5389,-865.454,19.9457,127.00149,14.294,46.131035,8.6197,145.97429,13.29,115.24528,7.782,70.75687,9.6096,187.38239,11.781,194.39536,17.341,72.161194,10.26,17.942335,5.8331,17.95431,9.0635,1.3003393,6.2099,-94.76982,14.201,-366.62082,16.075,20.54369,13.827,13.314869,9.0481,45.282143,5.3318,164.78322,16.949,190.34344,6.5086,22.1875,5.58,-444.5312,7.3862,-657.08856,9.3168,-625.1219,8.2516,-98.09743,5.5354,-82.12081,8.2532,23.528429,8.1045,-111.83786,11.738,-170.4282,17.967,651.77655,66.01,-1485.3226,26.516,-1003.9345,82.574
2021-06-17 21:35:37.500,-3584.3562,54.1281,-454.46,31.3214,-4.72786,26.88,-472.319,16.8628,-407.068,16.8068,-227.599,9.96256,-626.748,21.5631,-463.736,22.3229,-877.972,19.8368,106.43687,14.294,32.178806,8.6197,136.60011,13.29,102.50783,7.782,101.88482,9.6096,167.01132,11.781,188.2506,17.341,52.782387,10.26,5.8392506,5.8331,22.808146,9.0635,1.3942386,6.2099,-105.57554,14.201,-370.6376,16.075,19.310747,13.827,-8.03899,9.0481,29.307566,5.3318,122.80072,16.949,194.36288,6.5086,19.980867,5.58,-444.7835,7.3862,-664.3675,9.3168,-633.5717,8.2516,-101.69012,5.5354,-84.843864,8.2532,24.516615,8.1045,-96.07096,11.738,-156.39928,17.967,498.4152,66.01,-1523.6542,26.516,-1181.5795,82.574
2021-07-17 02:24:22.500,-3647.1294,52.1179,-449.724,30.6316,-8.75497,25.8126,-422.67,16.8956,-487.89,16.4129,-267.736,10.5648,-586.853,22.7615,-481.166,23.7143,-889.635,19.9551,63.273647,14.294,26.937588,8.6197,126.77541,13.29,104.66529,7.782,94.192184,9.6096,180.84682,11.781,183.28094,17.341,67.24979,10.26,1.2722164,5.8331,23.022518,9.0635,8.352085,6.2099,-109.54868,14.201,-337.1473,16.075,-29.548918,13.827,-15.006883,9.0481,19.169836,5.3318,108.14471,16.949,202.54565,6.5086,15.343247,5.58,-459.56058,7.3862,-668.48987,9.3168,-638.7613,8.2516,-110.204,5.5354,-85.12773,8.2532,24.39595,8.1045,-115.73988,11.738,-176.47365,17.967,452.64142,66.01,-1595.8458,26.516,-1319.6388,82.574
2021-08-15 07:11:15.000,-3744.2627,49.25,-467.003,29.5176,12.9064,24.8558,-494.836,17.7026,-469.455,16.7858,-253.295,10.2118,-646.013,22.0602,-494.253,21.7413,-881.41,19.9206,48.45953,14.294,37.681118,8.6197,120.59188,13.29,92.47706,7.782,114.199715,9.6096,184.31976,11.781,202.51859,17.341,39.80132,10.26,6.320875,5.8331,15.283223,9.0635,21.379473,6.2099,-90.295975,14.201,-340.63907,16.075,11.774377,13.827,-32.522175,9.0481,18.283247,5.3318,126.73294,16.949,203.57153,6.5086,12.753129,5.58,-474.38412,7.3862,-666.48517,9.3168,-645.61304,8.2516,-119.964,5.5354,-64.116905,8.2532,4.833974,8.1045,-128.13518,11.738,-187.41953,17.967,527.8979,66.01,-1641.6812,26.516,-1301.1918,82.574
2021-09-17 03:35:37.500,-3713.9016,51.2428,-449.839,30.6525,10.4538,26.3837,-496.771,17.341,-470.297,16.1612,-226.715,9.33877,-678.465,22.0217,-480.738,22.3652,-872.594,19.6652,65.940956,14.294,30.89243,8.6197,100.89429,13.29,81.01424,7.782,115.75614,9.6096,200.67381,11.781,113.88238,17.341,88.43914,10.26,9.148881,5.8331,26.746239,9.0635,-0.55038095,6.2099,-82.524765,14.201,-324.06906,16.075,19.69319,13.827,-9.756886,9.0481,24.400381,5.3318,126.18381,16.949,203.7138,6.5086,9.079095,5.58,-473.77905,7.3862,-661.19714,9.3168,-653.9857,8.2516,-110.75285,5.5354,-56.743904,8.2532,10.72589,8.1045,-97.25714,11.738,-143.27809,17.967,520.81903,66.01,-1620.9952,26.516,-1243.4238,82.574
2021-10-16 08:24:22.500,-3839.5613,47.3044,-465.955,31.2957,30.139,27.2551,-498.849,18.3839,-483.934,16.542,-249.036,10.4293,-708.517,21.5553,-509.116,20.381,-901.152,18.7903,102.18,14.294,37.461,8.6197,127.32,13.29,94.659,7.782,96.679,9.6096,198.35,11.781,140.93,17.341,61.822,10.26,6.2125,5.8331,29.511,9.0635,14.116,6.2099,-37.86,14.201,-303.05,16.075,11.077,13.827,3.7654,9.0481,21.948,5.3318,152.86,16.949,206.59,6.5086,24.537,5.58,-477.36,7.3862,-690.54,9.3168,-637.9,8.2516,-110.41,5.5354,-66.422,8.2532,-5.6963,8.1045,-124.72,11.738,-196.84,17.967,655.8,66.01,-1582.9,26.516,-1123.9,82.574
2021-11-18 04:48:45.000,-3780.9277,53.2531,-459.761,31.6221,62.6834,30.9211,-519.92,18.5209,-482.539,17.398,-277.225,10.6186,-643.541,22.3852,-507.282,24.2905,-901.82,20.8886,136.32733,14.294,8.811642,8.6197,120.81084,13.29,110.46608,7.782,88.6595,9.6096,182.56084,11.781,133.82167,17.341,66.99917,10.26,-9.044267,5.8331,36.65542,9.0635,10.680333,6.2099,-38.298416,14.201,-319.45917,16.075,23.259832,13.827,-5.275892,9.0481,27.3815,5.3318,120.8525,16.949,195.55083,6.5086,7.2207184,5.58,-493.61835,7.3862,-688.59,9.3168,-671.24335,8.2516,-120.03667,5.5354,-62.445835,8.2532,-4.2501917,8.1045,-110.000084,11.738,-176.6925,17.967,558.8725,66.01,-1634.3583,26.516,-1252.225,82.574
2021-12-17 09:35:37.500,-3786.47,48.7439,-468.222,29.6427,1.55849,29.2859,-549.569,16.7966,-515.847,17.1017,-247.94,10.4139,-612.043,23.1448,-452.578,21.3875,-885.046,20.6002,91.56588,14.294,39.213013,8.6197,126.74117,13.29,93.05278,7.782,107.59094,9.6096,204.34647,11.781,148.71376,17.341,68.177414,10.26,7.74704,5.8331,49.306892,9.0635,16.127094,6.2099,-43.784107,14.201,-318.56683,16.075,26.133894,13.827,-6.7024307,9.0481,31.440424,5.3318,111.48624,16.949,200.53012,6.5086,0.046405178,5.58,-513.3572,7.3862,-681.4371,9.3168,-677.7566,8.2516,-115.99612,5.5354,-79.9722,8.2532,29.575933,8.1045,-84.99722,11.738,-135.39742,17.967,661.012,66.01,-1696.4412,26.516,-1170.8341,82.574
2022-01-15 14:24:22.500,-3680.3794,51.3155,-454.464,32.1875,24.523,30.4373,-475.157,19.1292,-511.798,16.1229,-249.392,10.5196,-611.557,22.8975,-481.141,23.5616,-873.744,19.9545,51.50941,14.294,35.34666,8.6197,105.70588,13.29,102.11348,7.782,123.882706,9.6096,213.05235,11.781,196.28082,17.341,54.375057,10.26,5.03344,5.8331,34.264072,9.0635,23.11627,6.2099,-33.30693,14.201,-318.48212,16.075,-19.788929,13.827,-39.46591,9.0481,31.291718,5.3318,101.51917,16.949,201.06659,6.5086,-11.75399,5.58,-518.0819,7.3862,-696.02527,9.3168,-686.1989,8.2516,-120.69259,5.5354,-68.0842,8.2532,6.9875107,8.1045,-84.09652,11.738,-145.19505,17.967,614.932,66.01,-1780.2059,26.516,-1310.4106,82.574
2022-02-13 19:11:15.000,-3702.3892,52.7139,-464.475,31.1425,22.9862,27.0691,-466.891,18.2447,-527.195,17.6176,-245.369,9.11289,-605.726,22.3887,-491.205,25.7468,-873.063,21.891,75.02119,14.294,41.134666,8.6197,100.80815,13.29,83.06918,7.782,132.19592,9.6096,218.15222,11.781,184.17148,17.341,57.580444,10.26,7.5770593,5.8331,32.02178,9.0635,8.036222,6.2099,-74.78078,14.201,-263.15778,16.075,-54.28537,13.827,-26.016777,9.0481,26.924814,5.3318,105.02556,16.949,201.64815,6.5086,-0.5052802,5.58,-516.20667,7.3862,-719.87665,9.3168,-671.253,8.2516,-106.43296,5.5354,-80.348854,8.2532,17.938105,8.1045,-105.33237,11.738,-167.74222,17.967,578.4585,66.01,-1737.6185,26.516,-1326.9,82.574
2022-03-18 15:35:37.500,-3664.6667,52.6147,-442.708,30.8072,-11.2627,28.1276,-419.916,16.4542,-509.309,16.4437,-216.798,10.3766,-608.903,21.0398,-508.925,20.9185,-892.856,20.6168,127.416626,14.294,45.16158,8.6197,106.17795,13.29,94.07088,7.782,123.2312,9.6096,226.48698,11.781,158.8377,17.341,66.450455,10.26,-1.1831422,5.8331,33.89107,9.0635,14.874605,6.2099,-78.307625,14.201,-250.03421,16.075,-22.05988,13.827,-1.2630917,9.0481,27.979156,5.3318,111.64494,16.949,195.03482,6.5086,7.727577,5.58,-514.9701,7.3862,-712.96277,9.3168,-682.62805,8.2516,-106.948074,5.5354,-79.766396,8.2532,27.280735,8.1045,-84.10386,11.738,-136.58987,17.967,655.97,66.01,-1687.353,26.516,-1167.9814,82.574
2022-04-16 20:24:22.500,-3649.3965,50.823,-468.743,32.0437,4.52544,26.9299,-405.106,17.762,-498.271,17.055,-226.086,11.1989,-612.772,22.6094,-486.048,23.1367,-904.174,19.3825,170.54143,14.294,44.183784,8.6197,152.23393,13.29,106.1225,7.782,113.14286,9.6096,235.05821,11.781,146.83286,17.341,95.3455,10.26,9.244564,5.8331,45.683105,9.0635,3.0027535,6.2099,-34.967823,14.201,-238.95964,16.075,1.7781072,13.827,-6.143632,9.0481,35.760677,5.3318,135.685,16.949,204.3325,6.5086,12.002071,5.58,-511.0607,7.3862,-720.4411,9.3168,-701.5054,8.2516,-105.81579,5.5354,-84.88896,8.2532,28.332678,8.1045,-80.10664,11.738,-136.66786,17.967,844.005,66.01,-1651.9607,26.516,-944.6132,82.574
2022-05-16 01:11:15.000,-3746.5317,48.3882,-486.984,30.7763,25.6895,28.1339,-474.678,17.0778,-480.429,17.4639,-232.777,10.5062,-601.84,21.7571,-525.867,22.6234,-914.345,20.5513,144.4462,14.294,48.711403,8.6197,186.7387,13.29,108.589165,7.782,138.01904,9.6096,242.2106,11.781,159.44238,17.341,74.5055,10.26,9.686278,5.8331,56.2193,9.0635,7.2175155,6.2099,-25.469727,14.201,-212.55013,16.075,-14.8590355,13.827,-5.0964894,9.0481,35.48544,5.3318,183.01833,16.949,211.06583,6.5086,15.150642,5.58,-506.0131,7.3862,-737.5363,9.3168,-685.38153,8.2516,-89.97007,5.5354,-119.714676,8.2532,66.05744,8.1045,-68.01712,11.738,-121.67738,17.967,991.87164,66.01,-1648.2465,26.516,-778.0323,82.574
2022-06-17 21:35:37.500,-3706.774,50.0964,-476.692,30.2333,21.5165,28.0018,-460.442,20.0455,-507.501,15.9845,-261.858,11.5818,-558.722,20.574,-494.686,21.6488,-918.039,22.2239,140.92325,14.294,54.52701,8.6197,172.5176,13.29,127.420784,7.782,122.6888,9.6096,251.33421,11.781,169.6553,17.341,94.22874,10.26,-2.3789952,5.8331,70.32424,9.0635,16.369265,6.2099,-24.317736,14.201,-202.25952,16.075,-25.804386,13.827,-0.8888443,9.0481,40.354916,5.3318,160.99602,16.949,215.86928,6.5086,7.9939313,5.58,-512.206,7.3862,-728.06274,9.3168,-690.70013,8.2516,-104.211205,5.5354,-71.82995,8.2532,30.978626,8.1045,-83.961365,11.738,-124.81626,17.967,1024.7235,66.01,-1670.3566,26.516,-770.4494,82.574
2022-07-17 02:24:22.500,-3830.7878,50.8527,-455.596,29.5706,-10.858,28.2596,-525.197,15.8905,-505.957,17.2471,-250.01,10.0435,-621.523,20.9304,-504.132,22.5035,-903.714,21.8435,108.68741,14.294,49.81127,8.6197,126.55553,13.29,91.94766,7.782,135.02977,9.6096,251.14659,11.781,156.07565,17.341,77.49394,10.26,2.0792425,5.8331,48.43421,9.0635,9.298981,6.2099,-12.421885,14.201,-232.24023,16.075,-19.402023,13.827,-7.7282696,9.0481,30.820023,5.3318,155.26529,16.949,212.27988,6.5086,5.3484273,5.58,-510.64352,7.3862,-730.64435,9.3168,-691.1467,8.2516,-104.11191,5.5354,-77.511086,8.2532,21.314339,8.1045,-89.01733,11.738,-145.21118,17.967,862.17285,66.01,-1710.2377,26.516,-993.27673,82.574
2022-08-15 07:11:15.000,-3987.1917,47.659,-494.175,33.7145,8.00612,28.2571,-525.272,18.0571,-528.968,19.1404,-306.636,10.7895,-611.713,22.7532,-530.608,23.2121,-937.841,21.1355,152.58388,14.294,46.502094,8.6197,130.37671,13.29,95.25401,7.782,130.22035,9.6096,241.01012,11.781,158.70152,17.341,60.97159,10.26,16.480936,5.8331,15.082683,9.0635,13.986228,6.2099,-2.257273,14.201,-227.44965,16.075,12.917035,13.827,-25.007046,9.0481,27.620964,5.3318,140.67706,16.949,212.67517,6.5086,-3.0224905,5.58,-506.7847,7.3862,-713.61847,9.3168,-690.21497,8.2516,-99.38814,5.5354,-59.554375,8.2532,-1.2321082,8.1045,-110.0705,11.738,-170.85823,17.967,835.08575,66.01,-1647.7435,26.516,-983.5449,82.574
2022-09-17 03:35:37.500,-3933.5122,55.0862,-489.595,31.6344,59.7703,33.0147,-535.511,18.141,-553.864,16.7424,-275.274,10.3332,-635.871,22.0924,-514.937,22.2289,-936.603,20.8601,209.95476,14.294,41.082287,8.6197,139.72285,13.29,88.25776,7.782,145.96619,9.6096,189.10048,11.781,193.99905,17.341,49.355953,10.26,8.994286,5.8331,31.685858,9.0635,24.916819,6.2099,-0.053914286,14.201,-207.20619,16.075,27.81781,13.827,-29.195951,9.0481,26.698668,5.3318,140.84572,16.949,205.20285,6.5086,9.491667,5.58,-526.13904,7.3862,-724.56573,9.3168,-710.24335,8.2516,-102.83981,5.5354,-62.38638,8.2532,9.069381,8.1045,-72.143616,11.738,-125.464714,17.967,871.98193,66.01,-1639.1809,26.516,-892.6086,82.574
2022-10-16 08:24:22.500,-4044.4185,52.7359,-507.81,30.9852,60.7818,30.367,-537.396,17.3591,-556.687,16.2427,-284.356,11.606,-714.221,22.5303,-545.121,23.172,-901.228,19.4804,166.05,14.294,40.748,8.6197,134.38,13.29,97.633,7.782,124.09,9.6096,175.91,11.781,193.98,17.341,81.915,10.26,24.092,5.8331,31.743,9.0635,7.5932,6.2099,-15.195,14.201,-193.93,16.075,51.454,13.827,-29.495,9.0481,21.532,5.3318,133.56,16.949,204.46,6.5086,14.393,5.58,-534.32,7.3862,-756.68,9.3168,-682.11,8.2516,-98.636,5.5354,-67.574,8.2532,30.431,8.1045,-43.216,11.738,-80.359,17.967,880.02,66.01,-1686.8,26.516,-887.18,82.574
2022-11-18 04:48:45.000,-3859.8967,53.8055,-483.875,32.4295,60.7491,27.8023,-513.629,19.0356,-542.416,17.9155,-301.508,10.8228,-596.532,23.1893,-498.259,24.3268,-933.731,20.9805,140.46167,14.294,53.232334,8.6197,143.455,13.29,105.04833,7.782,129.00433,9.6096,223.9525,11.781,187.08667,17.341,74.82117,10.26,1.9693208,5.8331,69.34683,9.0635,23.273825,6.2099,32.367832,14.201,-193.34084,16.075,6.575208,13.827,-6.0078917,9.0481,28.050167,5.3318,132.6575,16.949,212.4975,6.5086,-11.031709,5.58,-556.43414,7.3862,-731.5775,9.3168,-705.43915,8.2516,-101.98417,5.5354,-83.5275,8.2532,56.94533,8.1045,-39.5855,11.738,-66.16866,17.967,1011.50665,66.01,-1753.5416,26.516,-808.1975,82.574
2022-12-17 09:35:37.500,-3912.8704,54.8842,-466.652,34.9494,-24.3749,26.6149,-518.225,18.4959,-539.798,17.935,-327.733,10.7665,-577.524,24.2996,-488.256,21.431,-914.335,20.8086,116.70188,14.294,43.54341,8.6197,120.822586,13.29,115.31662,7.782,100.00323,9.6096,235.76883,11.781,209.4434,17.341,52.15488,10.26,32.408222,5.8331,41.00994,9.0635,8.470092,6.2099,56.458378,14.201,-211.4733,16.075,3.5412188,13.827,-31.177107,9.0481,24.272682,5.3318,158.87436,16.949,218.99576,6.5086,-3.670353,5.58,-553.01917,7.3862,-754.58344,9.3168,-728.7032,8.2516,-105.901886,5.5354,-70.175186,8.2532,17.081106,8.1045,-76.741455,11.738,-129.83647,17.967,959.4273,66.01,-1810.2164,26.516,-980.596,82.574
2023-01-15 14:24:22.500,-3968.5574,49.4922,-476.425,32.3799,6.66243,28.7871,-558.634,18.0626,-490.01,16.2722,-257.385,12.5321,-721.201,22.0958,-480.05,24.3577,-934.508,22.3283,139.68541,14.294,32.061058,8.6197,114.22494,13.29,93.35992,7.782,102.702515,9.6096,212.80412,11.781,199.40106,17.341,61.618412,10.26,26.307518,5.8331,30.181705,9.0635,15.328539,6.2099,36.57508,14.201,-231.29446,16.075,20.459055,13.827,2.2867048,9.0481,26.744211,5.3318,145.92377,16.949,214.08282,6.5086,-13.9597645,5.58,-551.6639,7.3862,-764.5411,9.3168,-730.3879,8.2516,-106.48541,5.5354,-73.593544,8.2532,17.563929,8.1045,-77.71369,11.738,-133.74236,17.967,888.6885,66.01,-1813.3224,26.516,-1058.356,82.574
2023-02-13 19:11:15.000,-3897.7297,61.1737,-469.458,34.9925,42.7854,32.3029,-509.469,19.2661,-497.729,18.4277,-301.029,12.3729,-670.54,25.2118,-511.171,27.1957,-924.653,21.7025,187.30074,14.294,39.44304,8.6197,120.59852,13.29,80.251076,7.782,132.55444,9.6096,190.94852,11.781,178.71593,17.341,81.746925,10.26,13.298482,5.8331,25.284925,9.0635,31.878075,6.2099,7.3636,14.201,-194.63889,16.075,32.804443,13.827,11.628863,9.0481,25.84689,5.3318,129.00815,16.949,217.89851,6.5086,-9.893778,5.58,-564.187,7.3862,-763.1048,9.3168,-756.4011,8.2516,-112.68222,5.5354,-75.99878,8.2532,29.770964,8.1045,-48.63437,11.738,-94.862144,17.967,906.7378,66.01,-1801.0741,26.516,-989.20447,82.574
2023-03-18 15:35:37.500,-3793.902,55.2685,-470.041,35.6878,30.8188,35.5601,-469.737,20.9793,-484.32,17.8825,-274.441,11.1731,-636.156,21.5316,-490.289,30.9982,-947.038,26.3833,212.0017,14.294,37.727493,8.6197,153.00012,13.29,106.826866,7.782,120.971565,9.6096,213.14386,11.781,144.6353,17.341,107.04726,10.26,10.698788,5.8331,77.449615,9.0635,9.558465,6.2099,14.743952,14.201,-168.45302,16.075,61.625748,13.827,1.7203807,9.0481,33.372276,5.3318,128.33783,16.949,205.56361,6.5086,-7.2159724,5.58,-579.3117,7.3862,-781.1222,9.3168,-752.17975,8.2516,-115.31735,5.5354,-85.10844,8.2532,29.583735,8.1045,-61.444084,11.738,-116.971565,17.967,1052.447,66.01,-1817.5446,26.516,-882.147,82.574
2023-04-16 20:24:22.500,-3823.5195,272.451,-476.57,321.744,-54.0657,212.169,-452.11,74.0755,-561.796,90.7637,-309.487,53.5005,-503.849,101.049,-477.199,159.217,-931.663,199.344,192.84822,14.294,59.236214,8.6197,183.29286,13.29,119.87393,7.782,122.18036,9.6096,214.70679,11.781,260.98,17.341,61.713463,10.26,-6.0494356,5.8331,73.06828,9.0635,48.66925,6.2099,44.895382,14.201,-169.04929,16.075,97.35668,13.827,-19.892614,9.0481,25.216143,5.3318,168.30928,16.949,225.40607,6.5086,10.92525,5.58,-560.8543,7.3862,-809.06964,9.3168,-741.98535,8.2516,-101.2675,5.5354,-82.35325,8.2532,58.767357,8.1045,-6.5391073,11.738,-30.125036,17.967,1284.5464,66.01,-1784.0,26.516,-529.62537,82.574
2023-05-16 01:11:15.000,-3814.2302,68.5224,-472.382,49.6555,36.1768,43.103,-476.022,26.0422,-506.189,21.6981,-272.31,13.3547,-611.05,27.1412,-499.186,30.271,-960.65,31.414,146.93393,14.294,53.93526,8.6197,166.30238,13.29,126.645355,7.782,129.92322,9.6096,227.68774,11.781,233.78,17.341,75.48585,10.26,30.621613,5.8331,30.969238,9.0635,31.875917,6.2099,6.3989058,14.201,-201.03024,16.075,90.33477,13.827,3.4776714,9.0481,21.513287,5.3318,167.22357,16.949,219.43465,6.5086,-9.788083,5.58,-574.56854,7.3862,-793.8601,9.3168,-743.9949,8.2516,-110.800835,5.5354,-72.38658,8.2532,27.390215,8.1045,-47.12863,11.738,-92.12599,17.967,1195.1178,66.01,-1866.6666,26.516,-763.6349,82.574
2023-06-17 21:35:37.500,-3765.596,61.062,-448.648,36.7291,1.12308,27.5689,-425.096,20.6906,-528.934,19.8241,-263.899,12.4714,-634.341,25.1398,-498.066,24.6319,-919.13,23.924,164.3583,14.294,34.194492,8.6197,116.379395,13.29,126.50843,7.782,135.01181,9.6096,218.95494,11.781,205.53241,17.341,84.4031,10.26,19.303156,5.8331,42.179073,9.0635,14.824988,6.2099,10.206468,14.201,-172.98314,16.075,29.203674,13.827,6.6556096,9.0481,26.19694,5.3318,123.26831,16.949,221.65012,6.5086,-1.159982,5.58,-570.593,7.3862,-800.8889,9.3168,-775.1028,8.2516,-110.11277,5.5354,-59.95312,8.2532,24.510109,8.1045,-11.735776,11.738,-47.17824,17.967,1019.86206,66.01,-1871.8976,26.516,-899.19214,82.574
2023-07-17 02:24:22.500,-3864.3796,53.5307,-490.473,33.0372,-1.95019,30.5605,-475.399,17.2619,-553.389,19.5815,-299.749,10.8186,-574.078,24.468,-496.828,19.4214,-916.314,20.1129,183.73412,14.294,49.376293,8.6197,126.42647,13.29,126.05976,7.782,135.08282,9.6096,217.74306,11.781,181.21353,17.341,96.94147,10.26,23.249931,5.8331,35.45201,9.0635,11.955082,6.2099,-0.8711755,14.201,-190.1673,16.075,54.38333,13.827,-12.985176,9.0481,20.367247,5.3318,113.48294,16.949,219.76282,6.5086,-16.256433,5.58,-586.9673,7.3862,-782.7028,9.3168,-744.678,8.2516,-111.72941,5.5354,-54.72361,8.2532,2.883876,8.1045,-53.38012,11.738,-105.21555,17.967,987.7117,66.01,-1838.8364,26.516,-956.34106,82.574
2023-08-15 07:11:15.000,-4045.5962,49.5728,-526.968,31.8373,25.7701,25.5669,-482.298,18.4731,-596.634,16.5006,-308.074,9.8041,-609.514,24.8479,-528.745,25.7057,-964.138,20.0607,223.49883,14.294,64.788055,8.6197,185.48529,13.29,134.05035,7.782,136.79576,9.6096,209.86542,11.781,236.5547,17.341,71.76029,10.26,3.8072023,5.8331,39.01248,9.0635,39.438377,6.2099,-13.708596,14.201,-170.45906,16.075,85.8365,13.827,12.3277645,9.0481,46.177128,5.3318,141.20059,16.949,219.07576,6.5086,-1.2738085,5.58,-584.8591,7.3862,-817.21576,9.3168,-748.998,8.2516,-118.50588,5.5354,-42.028084,8.2532,0.13492371,8.1045,-41.544823,11.738,-83.43767,17.967,1222.9775,66.01,-1828.2953,26.516,-688.7834,82.574
2023-09-17 03:35:37.500,-4231.5605,53.442,-526.196,31.7323,-7.71982,28.9093,-557.753,16.5858,-569.98,16.4364,-386.236,10.3144,-670.024,21.5008,-483.077,21.5509,-969.453,21.2834,165.93715,14.294,48.805477,8.6197,187.69858,13.29,140.60333,7.782,144.85762,9.6096,220.43715,11.781,196.60095,17.341,99.66524,10.26,9.440572,5.8331,55.654285,9.0635,20.692448,6.2099,10.266571,14.201,-228.39523,16.075,78.24081,13.827,6.296524,9.0481,36.358097,5.3318,139.38142,16.949,229.99571,6.5086,-4.236019,5.58,-599.39856,7.3862,-794.3281,9.3168,-772.0943,8.2516,-124.97,5.5354,-53.38781,8.2532,22.896904,8.1045,-17.004572,11.738,-47.496475,17.967,1166.6523,66.01,-1899.0762,26.516,-779.97284,82.574
2023-10-16 08:24:22.500,-4057.6145,54.9082,-463.797,30.677,-17.8325,27.195,-494.313,16.4607,-621.979,17.3056,-349.799,10.794,-615.588,23.5786,-482.455,22.6084,-964.066,20.4323,137.08,14.294,54.495,8.6197,170.47,13.29,152.67,7.782,117.81,9.6096,234.98,11.781,213.02,17.341,78.17,10.26,16.068,5.8331,61.1,9.0635,1.3814,6.2099,16.918,14.201,-245.5,16.075,12.317,13.827,22.713,9.0481,35.32,5.3318,159.81,16.949,227.51,6.5086,2.0116,5.58,-579.17,7.3862,-815.09,9.3168,-785.38,8.2516,-117.57,5.5354,-82.964,8.2532,37.615,8.1045,-52.996,11.738,-98.346,17.967,1101.7,66.01,-1930.6,26.516,-927.23,82.574
2023-11-18 04:48:45.000,-4167.038,56.0597,-514.25,29.3267,-13.6418,28.4148,-565.281,16.5212,-537.67,16.307,-344.294,9.56138,-702.782,22.9479,-481.004,21.6073,-950.405,20.078,140.6925,14.294,57.4135,8.6197,165.4475,13.29,143.5875,7.782,143.98666,9.6096,229.71834,11.781,206.6075,17.341,75.954414,10.26,5.193325,5.8331,21.04675,9.0635,11.60875,6.2099,22.778833,14.201,-253.775,16.075,39.21417,13.827,-14.294891,9.0481,31.901,5.3318,169.72667,16.949,218.12584,6.5086,9.117053,5.58,-595.165,7.3862,-832.25665,9.3168,-773.7083,8.2516,-120.42333,5.5354,-64.56125,8.2532,-8.81775,8.1045,-86.753,11.738,-160.13167,17.967,1056.075,66.01,-1953.6417,26.516,-1057.5917,82.574
2023-12-17 09:35:37.500,-4108.8765,44.9488,-485.017,31.0992,-17.1881,27.722,-533.429,16.8512,-548.529,16.97,-303.235,8.89038,-696.229,22.5878,-486.074,23.3515,-982.414,19.3272,174.09271,14.294,65.82999,8.6197,171.83388,13.29,142.50777,7.782,130.57635,9.6096,230.51117,11.781,198.33952,17.341,64.40006,10.26,15.159023,5.8331,31.72927,9.0635,11.583977,6.2099,17.943508,14.201,-283.1533,16.075,61.435448,13.827,-8.391911,9.0481,35.02988,5.3318,143.34317,16.949,226.04836,6.5086,-0.45954847,5.58,-600.0548,7.3862,-828.5,9.3168,-787.7613,8.2516,-122.800705,5.5354,-78.51956,8.2532,15.146176,8.1045,-76.506386,11.738,-139.87589,17.967,1028.6692,66.01,-1939.48,26.516,-1050.6188,82.574
